Station,SPEI,Lead Time,Model,MAE,MSE,RMSE,RRMSE (%),R2
Nepalgunj_Airport,SPEI-1,Lead 30,Random Forest,0.0534860831043574,0.004296361921669786,0.06554663928585344,7.185525346389045,0.48364478653077136
Nepalgunj_Airport,SPEI-1,Lead 30,LSTM,0.06713535695534609,0.0072446802296639605,0.08511568733003312,9.330774778826473,0.12930323964640356
Nepalgunj_Airport,SPEI-1,Lead 30,Transformer,0.129602437913233,0.019007650888361705,0.13786823741660623,15.113752973645042,-1.2844210545917156
Parwanipur,SPEI-1,Lead 30,Random Forest,0.07920857969803691,0.02227662337485269,0.14925355397729292,15.465112800318352,-1.581995006088218
Parwanipur,SPEI-1,Lead 30,LSTM,0.05989778828320847,0.005458291054121541,0.0738802480648349,7.65520377633353,0.36735114625014353
Parwanipur,SPEI-1,Lead 30,Transformer,0.09526456344759406,0.012896163977577925,0.11356127851331159,11.766808462222093,-0.49474318560279396
Jumla,SPEI-1,Lead 30,Random Forest,0.12145154294545624,0.03704258608256099,0.1924645060330891,20.875316376484886,-1.0139828689499906
Jumla,SPEI-1,Lead 30,LSTM,0.10666435047507017,0.016958690567238362,0.13022553730831124,14.124678610306256,0.07796631136611665
Jumla,SPEI-1,Lead 30,Transformer,0.1100234757145282,0.017972168450228948,0.13406031646325825,14.540611032046947,0.02286413545827226
Dhankuta,SPEI-1,Lead 30,Random Forest,0.0818113582587036,0.009464806381766751,0.09728723647923582,10.787151863822531,0.4699515767870739
Dhankuta,SPEI-1,Lead 30,LSTM,0.08447485211724355,0.009510402506069368,0.0975212925779256,10.813103867112908,0.4673981010141536
Dhankuta,SPEI-1,Lead 30,Transformer,0.10357953811512975,0.016437864013093273,0.12821023365197207,14.215875699122915,0.07944615561145763
Taplejung,SPEI-1,Lead 30,Random Forest,0.09374955208803322,0.014464355178105993,0.12026784764892899,13.660284927986922,0.61295169214246
Taplejung,SPEI-1,Lead 30,LSTM,0.08848553048986876,0.0109561893395597,0.10467181731277861,11.888853724202182,0.7068258838899257
Taplejung,SPEI-1,Lead 30,Transformer,0.12851165215086274,0.0319099722436516,0.17863362573617433,20.289597535648998,0.14612849251786286
Pokhara_Airport,SPEI-1,Lead 30,Random Forest,0.09511570386353022,0.013332890450670105,0.11546813608381364,11.993440802664434,0.727757635630677
Pokhara_Airport,SPEI-1,Lead 30,LSTM,0.1066381836676631,0.01743478937349538,0.13204086251420574,13.714816241143716,0.6440015539853946
Pokhara_Airport,SPEI-1,Lead 30,Transformer,0.13662961879893254,0.028052237996831916,0.16748802344296715,17.39664086082089,0.4272054040821547
Dhangadhi,SPEI-1,Lead 30,Random Forest,0.05333059325036654,0.003704241095686374,0.06086247691054295,6.3026474388498785,0.6569089163832288
Dhangadhi,SPEI-1,Lead 30,LSTM,0.09077497311610187,0.011235020899645431,0.1059953815014854,10.976410321455862,-0.04060059681460393
Dhangadhi,SPEI-1,Lead 30,Transformer,0.1646435921675485,0.03324451410639375,0.18233078211424902,18.881364927111626,-2.079145248498525
Dadeldhura,SPEI-1,Lead 30,Random Forest,0.0985436549149719,0.016592328340778187,0.12881121201501905,14.830723394821627,0.5261727372992284
Dadeldhura,SPEI-1,Lead 30,LSTM,0.11875735655958464,0.023698549907399506,0.15394333342954317,17.724318876094028,0.32324030708796325
Dadeldhura,SPEI-1,Lead 30,Transformer,0.15442429878568553,0.03347274223711891,0.18295557449041805,21.06465327328573,0.0441186129180291
Surkhet_Airport,SPEI-1,Lead 30,Random Forest,0.05547281841864673,0.006510061322759523,0.08068495103028521,9.21018419046232,0.46586496755803297
Surkhet_Airport,SPEI-1,Lead 30,LSTM,0.09244507067046044,0.013468170475069301,0.11605244708781155,13.247382563712867,-0.10503132259063319
Surkhet_Airport,SPEI-1,Lead 30,Transformer,0.1072373695342036,0.017415434734084422,0.1319675518227281,15.064091183441237,-0.42889495743460593
Biratnagar_Airport,SPEI-1,Lead 30,Random Forest,0.06931840986814183,0.007023931281244129,0.08380889738711594,9.706322948382345,-0.03195394970034182
Biratnagar_Airport,SPEI-1,Lead 30,LSTM,0.12757165497543746,0.019224749215279464,0.1386533418828391,16.058129341219537,-1.8244945871953564
Biratnagar_Airport,SPEI-1,Lead 30,Transformer,0.11373162499826765,0.018489033526427633,0.13597438555267544,15.74786615776452,-1.716403451253509
Khumaltar,SPEI-1,Lead 30,Random Forest,0.07890960777779564,0.01296480863990567,0.11386311360535364,13.155542113813262,0.323180511312227
Khumaltar,SPEI-1,Lead 30,LSTM,0.08278728738188976,0.011899520630993504,0.10908492393999046,12.603478558021678,0.3787931860167256
Khumaltar,SPEI-1,Lead 30,Transformer,0.0982158820919421,0.016265957786872523,0.12753806407058452,14.735521626521725,0.15084614527653672
Dipayal,SPEI-1,Lead 30,Random Forest,0.22449412916822042,0.6103191490726074,0.781229255131045,115.40387248771758,-0.07781780222147772
Dipayal,SPEI-1,Lead 30,LSTM,0.19768014585532115,0.593032263456628,0.7700858805721787,113.75776339972833,-0.04728932693083521
Dipayal,SPEI-1,Lead 30,Transformer,0.2422257123254488,0.6394639641881644,0.7996649074382122,118.12720325664448,-0.12928726802757828
Okhaldhunga,SPEI-1,Lead 30,Random Forest,0.2574645239022445,0.7663539757260164,0.8754164584505002,115.71073169408825,0.034308612845673436
Okhaldhunga,SPEI-1,Lead 30,LSTM,0.2876857946857058,0.7973358371702509,0.8929366367051197,118.02651251552858,-0.004731984192218652
Okhaldhunga,SPEI-1,Lead 30,Transformer,0.3317219679655939,0.8449008963070278,0.919184908659312,121.49595465841554,-0.06466925781875155
Kathmandu_Airport,SPEI-1,Lead 30,Random Forest,0.060362466967782746,0.007057661619998034,0.08400989001300997,9.20833530637581,0.6859256934619098
Kathmandu_Airport,SPEI-1,Lead 30,LSTM,0.07430498614233498,0.008819305402769121,0.09391115696640694,10.293614504464248,0.6075304573013638
Kathmandu_Airport,SPEI-1,Lead 30,Transformer,0.1364548807033152,0.02209688879950874,0.1486502230052439,16.293570871094413,0.016662260104652882
Nepalgunj_Airport,SPEI-1,Lead 60,Random Forest,0.08443934945556306,0.015209366925173136,0.12332626210654865,13.523131522877705,-0.831920191086857
Nepalgunj_Airport,SPEI-1,Lead 60,LSTM,0.057970203004886756,0.005797312265277417,0.0761400831709384,8.349011324075253,0.3017320546577392
Nepalgunj_Airport,SPEI-1,Lead 60,Transformer,0.11501458016661642,0.01712617205495873,0.1308670013982086,14.349998464914329,-1.0627933126907085
Parwanipur,SPEI-1,Lead 60,Random Forest,0.0722076123626387,0.010901415299470744,0.10440984292427005,10.76752983835402,-0.3511511983994027
Parwanipur,SPEI-1,Lead 60,LSTM,0.08425717789595553,0.01130762730342232,0.10633732789299494,10.966306613918919,-0.40149822407138513
Parwanipur,SPEI-1,Lead 60,Transformer,0.13778405078052144,0.026290903367266333,0.1621446988565039,16.721583273855295,-2.2585663985674787
Jumla,SPEI-1,Lead 60,Random Forest,0.13211924072352035,0.036051726756973976,0.18987292265347888,20.520193891320854,-0.9403879992466107
Jumla,SPEI-1,Lead 60,LSTM,0.17880126371900712,0.0474293803162797,0.21778287424928458,23.53651454536446,-1.5527598441483708
Jumla,SPEI-1,Lead 60,Transformer,0.15616403680118612,0.042749521369069454,0.20675957382687132,22.345190059339572,-1.3008789231443023
Dhankuta,SPEI-1,Lead 60,Random Forest,0.07353330149308111,0.007716806671337235,0.08784535657242923,9.732053035417,0.5630768591986199
Dhankuta,SPEI-1,Lead 60,LSTM,0.10086484461976308,0.017726269402898103,0.13314003681424347,14.750078432947705,-0.0036557389694875653
Dhankuta,SPEI-1,Lead 60,Transformer,0.10383503581698221,0.016946864281658185,0.13018012245215543,14.42216077541754,0.04047393124678267
Taplejung,SPEI-1,Lead 60,Random Forest,0.08174748043221196,0.010669572121886779,0.10329362091575055,11.730056358869623,0.713848435479363
Taplejung,SPEI-1,Lead 60,LSTM,0.0807042788925985,0.009338147395646467,0.0966340902355192,10.973797942229844,0.7495564530177227
Taplejung,SPEI-1,Lead 60,Transformer,0.13593099963975505,0.02872789189905161,0.16949304380726546,19.24768382277148,0.22953506303871796
Pokhara_Airport,SPEI-1,Lead 60,Random Forest,0.10032251193899414,0.014892348450698645,0.12203421016542305,12.828795066927784,0.6969463661175959
Pokhara_Airport,SPEI-1,Lead 60,LSTM,0.11018140273755703,0.018059025900499133,0.13438387515062636,14.127048409376808,0.6325056829256523
Pokhara_Airport,SPEI-1,Lead 60,Transformer,0.15094617784805525,0.03112332209116284,0.17641803221655897,18.545871508890695,0.3666522181209828
Dhangadhi,SPEI-1,Lead 60,Random Forest,0.07592769130475728,0.01107055080011857,0.10521668498920962,10.911140280099978,-0.022312943154118692
Dhangadhi,SPEI-1,Lead 60,LSTM,0.07436464592198248,0.007282433190942542,0.0853371735584355,8.84960281631016,0.3275017798865101
Dhangadhi,SPEI-1,Lead 60,Transformer,0.17679766554497556,0.038876671651992364,0.197171680654176,20.44702194429924,-2.5900765313464738
Dadeldhura,SPEI-1,Lead 60,Random Forest,0.1054153980915216,0.018277928195118504,0.13519588823303208,15.563693423064889,0.4778783924593867
Dadeldhura,SPEI-1,Lead 60,LSTM,0.13445295918251074,0.02772498060173895,0.16650819980330983,19.1683534760932,0.20801683394957626
Dadeldhura,SPEI-1,Lead 60,Transformer,0.1537823164166018,0.03564631407236891,0.18880231479610865,21.73484255665163,-0.018261512337786723
Surkhet_Airport,SPEI-1,Lead 60,Random Forest,0.08769840621639492,0.013997945176077544,0.11831291212744932,13.501280310921624,-0.1488722462862524
Surkhet_Airport,SPEI-1,Lead 60,LSTM,0.06894868519775085,0.007981977649257196,0.08934191429142985,10.195254319017613,0.3448843757881872
Surkhet_Airport,SPEI-1,Lead 60,Transformer,0.10977366428908304,0.018710230532547733,0.13678534472869427,15.6092623231077,-0.5356300021232958
Biratnagar_Airport,SPEI-1,Lead 60,Random Forest,0.07254434702350514,0.008551781171027482,0.09247584101281524,10.64441625339945,-0.218924234046306
Biratnagar_Airport,SPEI-1,Lead 60,LSTM,0.08647632972514595,0.013072019555685575,0.11433293294447394,13.160273174096746,-0.8632143533249406
Biratnagar_Airport,SPEI-1,Lead 60,Transformer,0.07632075393065176,0.009448593418204152,0.09720387553078402,11.18863587788198,-0.34675095921750554
Khumaltar,SPEI-1,Lead 60,Random Forest,0.07719269884722406,0.013291714129935081,0.11528969654715499,13.39026397401139,0.3027329006962024
Khumaltar,SPEI-1,Lead 60,LSTM,0.09720413635046565,0.015009983935589175,0.12251523960548408,14.22947104805412,0.21259456402287358
Khumaltar,SPEI-1,Lead 60,Transformer,0.11507994900261699,0.020693777019711212,0.14385331772229382,16.707771427353794,-0.08557028349541373
Dipayal,SPEI-1,Lead 60,Random Forest,0.2116898406234992,0.5981331164758933,0.7733906622631885,114.08359739163134,-0.055880821973107286
Dipayal,SPEI-1,Lead 60,LSTM,0.1887999227358464,0.5931692863113615,0.7701748413908114,113.60922857443579,-0.0471182021985308
Dipayal,SPEI-1,Lead 60,Transformer,0.24010900440932367,0.6724627184592981,0.8200382420712452,120.96462657104148,-0.18709442489411288
Okhaldhunga,SPEI-1,Lead 60,Random Forest,0.24866942226071223,0.759172333819271,0.8713049602861623,114.8525499704595,0.04307490391630697
Okhaldhunga,SPEI-1,Lead 60,LSTM,0.28885703463824963,0.781302002628483,0.8839128931226669,116.5144861491004,0.015180795413932469
Okhaldhunga,SPEI-1,Lead 60,Transformer,0.2501046310157496,0.7726907075175274,0.8790282745836606,115.87061182219011,0.02603520097426204
Kathmandu_Airport,SPEI-1,Lead 60,Random Forest,0.05838337670046239,0.007489114995930719,0.08653967295946247,9.35048559592111,0.6609603653689244
Kathmandu_Airport,SPEI-1,Lead 60,LSTM,0.09387806175198952,0.012283528291876514,0.11083107999057175,11.97513673893434,0.4439125388886177
Kathmandu_Airport,SPEI-1,Lead 60,Transformer,0.10243632158649395,0.01428053488714787,0.11950119199048966,12.911929710271664,0.35350607740624795
Nepalgunj_Airport,SPEI-1,Lead 90,Random Forest,0.10707523740703007,0.0293313263086839,0.17126390836566793,18.80455956091256,-2.5612330687972475
Nepalgunj_Airport,SPEI-1,Lead 90,LSTM,0.06991041656777008,0.007304955165959499,0.08546903044939436,9.384390961506698,0.11307631883682334
Nepalgunj_Airport,SPEI-1,Lead 90,Transformer,0.13427944196503405,0.02022425629807314,0.14221201179251047,15.614698225382478,-1.455507451744713
Parwanipur,SPEI-1,Lead 90,Random Forest,0.0771524016434543,0.007775075791896746,0.08817639021811194,9.051206250575557,-0.0241172934273175
Parwanipur,SPEI-1,Lead 90,LSTM,0.08068421323428977,0.010944161860256516,0.1046143482523144,10.738543962380763,-0.4415429152263144
Parwanipur,SPEI-1,Lead 90,Transformer,0.11870042649319623,0.021313987280717504,0.14599310696302584,14.986026520433123,-1.8074353935973257
Jumla,SPEI-1,Lead 90,Random Forest,0.1406397008445921,0.03357083769732622,0.1832234638285343,19.796997396120474,-0.8017577874320632
Jumla,SPEI-1,Lead 90,LSTM,0.16818834524240386,0.04284384152344063,0.2069875395366606,22.36466714258512,-1.299442921393426
Jumla,SPEI-1,Lead 90,Transformer,0.14905975956732356,0.032586820740182196,0.1805182005787289,19.504698099986996,-0.7489452770179827
Dhankuta,SPEI-1,Lead 90,Random Forest,0.08188502423889708,0.009815538079611913,0.0990733974365062,10.960441978127786,0.4401052273485676
Dhankuta,SPEI-1,Lead 90,LSTM,0.08742227626199857,0.009702096996597399,0.09849922332991971,10.896921374783002,0.4465760971947833
Dhankuta,SPEI-1,Lead 90,Transformer,0.10609474451731216,0.014536382570287793,0.12056692154271749,13.338260140895407,0.17082033115729878
Taplejung,SPEI-1,Lead 90,Random Forest,0.09262392967525557,0.012957800854336576,0.11383233659350306,12.923843834886165,0.6519937883831852
Taplejung,SPEI-1,Lead 90,LSTM,0.08231203536206277,0.01070255266684287,0.1034531423729742,11.745452094434762,0.7125627372972836
Taplejung,SPEI-1,Lead 90,Transformer,0.11500816821840336,0.02021716432183938,0.14218707508715192,16.143071545018824,0.45702987379040305
Pokhara_Airport,SPEI-1,Lead 90,Random Forest,0.099913139552294,0.01479612929044376,0.12163934104739206,12.901180745732981,0.6809166229925756
Pokhara_Airport,SPEI-1,Lead 90,LSTM,0.09947119065144858,0.015177817807581501,0.12319828654482781,13.06652394359961,0.6726853850368538
Pokhara_Airport,SPEI-1,Lead 90,Transformer,0.10566075927314802,0.017337107964794655,0.13167045213256715,13.965089642937123,0.6261195851727326
Dhangadhi,SPEI-1,Lead 90,Random Forest,0.0649767648172738,0.008162027973034367,0.0903439426471657,9.38719309805201,0.2456915382000876
Dhangadhi,SPEI-1,Lead 90,LSTM,0.0967070339797833,0.01430554250326179,0.11960577955626471,12.427646120366898,-0.3220723815820268
Dhangadhi,SPEI-1,Lead 90,Transformer,0.19786135263820157,0.04315010804362752,0.20772604084136279,21.583787465278235,-2.987794667259424
Dadeldhura,SPEI-1,Lead 90,Random Forest,0.09823754583170881,0.017507434072000953,0.13231566072087217,15.34281569985176,0.4948629233942715
Dadeldhura,SPEI-1,Lead 90,LSTM,0.13063229828457473,0.027099729294455588,0.16461995411995348,19.088697458940143,0.21809912427427636
Dadeldhura,SPEI-1,Lead 90,Transformer,0.13447215788295622,0.026657344349693933,0.16327077004073304,18.93225125627694,0.23086313279844206
Surkhet_Airport,SPEI-1,Lead 90,Random Forest,0.09070358283619409,0.025093878581054264,0.15841047497263008,18.11885099958605,-1.0307751803378546
Surkhet_Airport,SPEI-1,Lead 90,LSTM,0.07596498591025352,0.009398872801141994,0.09694778388979293,11.088802374607654,0.23937634646394335
Surkhet_Airport,SPEI-1,Lead 90,Transformer,0.0987119708207022,0.015286079176825345,0.12363688437042299,14.141478247242137,-0.23705827685056202
Biratnagar_Airport,SPEI-1,Lead 90,Random Forest,0.07895765623733185,0.008570922285430731,0.09257927567998538,10.736128811101787,-0.14308895356121365
Biratnagar_Airport,SPEI-1,Lead 90,LSTM,0.08015496517792896,0.008773870431284785,0.09366894059016993,10.862493839892007,-0.17015579373847722
Biratnagar_Airport,SPEI-1,Lead 90,Transformer,0.09208273997373188,0.01404349547001656,0.11850525503122872,13.742683483564932,-0.872956492494452
Khumaltar,SPEI-1,Lead 90,Random Forest,0.07234706901947342,0.01031617641803847,0.10156857987605454,11.712625048024906,0.4399820734980824
Khumaltar,SPEI-1,Lead 90,LSTM,0.09823561973493693,0.013452750497668406,0.11598599267872137,13.37520367742289,0.26971184534236725
Khumaltar,SPEI-1,Lead 90,Transformer,0.11359004994009293,0.02024728700661328,0.1422929619011892,16.408855098253074,-0.09913239433421506
Dipayal,SPEI-1,Lead 90,Random Forest,0.199821217565615,0.5959447563022184,0.7719745826788719,114.3808446252957,-0.053377343730857785
Dipayal,SPEI-1,Lead 90,LSTM,0.18987614816501214,0.5968790246393052,0.7725794616991221,114.47046748955148,-0.055028733543159625
Dipayal,SPEI-1,Lead 90,Transformer,0.20509985205573095,0.6062267636634151,0.7786056535008047,115.3633478040284,-0.07155156791492923
Okhaldhunga,SPEI-1,Lead 90,Random Forest,0.2418900900695482,0.7546900717235324,0.8687289978603986,114.82870491459305,0.048813966043495305
Okhaldhunga,SPEI-1,Lead 90,LSTM,0.2732992485417849,0.8101294044123465,0.900071888469108,118.97161201881316,-0.02105990796287438
Okhaldhunga,SPEI-1,Lead 90,Transformer,0.29722620763501956,0.8138085289484326,0.9021133681242245,119.24145504866928,-0.025696953032143366
Kathmandu_Airport,SPEI-1,Lead 90,Random Forest,0.06981048718658313,0.008239078071807515,0.09076936747497756,9.78685549150771,0.6205848020532545
Kathmandu_Airport,SPEI-1,Lead 90,LSTM,0.07393530218428682,0.007712770297681188,0.08782237925313335,9.469107900390966,0.6448216361456935
Kathmandu_Airport,SPEI-1,Lead 90,Transformer,0.07968442542209285,0.009640408839038961,0.098185583661956,10.586480278314191,0.5560525587847621
Nepalgunj_Airport,SPEI-6,Lead 30,Random Forest,0.0629095809515934,0.019251351003115074,0.13874923784697007,15.093281169940841,-0.9772219216322315
Nepalgunj_Airport,SPEI-6,Lead 30,LSTM,0.08995856896972633,0.013241483475170743,0.11507164496595476,12.51760888282739,-0.35997475698210035
Nepalgunj_Airport,SPEI-6,Lead 30,Transformer,0.08451022436654604,0.010628868080990304,0.10309640188188095,11.214929936614624,-0.091644475677088
Parwanipur,SPEI-6,Lead 30,Random Forest,0.024598418785684834,0.0008406141265251396,0.0289933462457361,3.1043762313828887,0.843343788058211
Parwanipur,SPEI-6,Lead 30,LSTM,0.06623343380865346,0.007237971539811074,0.08507626895798306,9.10928821286855,-0.34886289415143557
Parwanipur,SPEI-6,Lead 30,Transformer,0.041768170988335684,0.002828355999681654,0.05318229028240185,5.6943353997117026,0.4729097180837003
Jumla,SPEI-6,Lead 30,Random Forest,0.08581644356061854,0.012422596744109622,0.11145670345075537,11.699631575388333,0.12513667035020126
Jumla,SPEI-6,Lead 30,LSTM,0.08288757610638384,0.00992766035151009,0.09963764525273612,10.458982765548075,0.30084295822669216
Jumla,SPEI-6,Lead 30,Transformer,0.1110946474434723,0.015971249527482155,0.12637740908675946,13.265860912712995,-0.1247777600851594
Dhankuta,SPEI-6,Lead 30,Random Forest,0.05852514861397699,0.006286837391570855,0.07928957933783515,8.368587385340128,0.6949903899628962
Dhankuta,SPEI-6,Lead 30,LSTM,0.09094218930868861,0.010487447193747557,0.10240823791935665,10.808637089059344,0.4911953372392852
Dhankuta,SPEI-6,Lead 30,Transformer,0.10436601215549934,0.018055849426883985,0.13437205597475982,14.182245661580966,0.12400985589886648
Taplejung,SPEI-6,Lead 30,Random Forest,0.029785420567980597,0.0016113808268414694,0.04014200825620798,4.325801047742149,0.9022176621757028
Taplejung,SPEI-6,Lead 30,LSTM,0.06545130114354988,0.006057697462947972,0.07783121136759964,8.387281810419516,0.6324048233089457
Taplejung,SPEI-6,Lead 30,Transformer,0.07539763052624013,0.009027626064579682,0.09501382038724515,10.23892180874051,0.45218264553360743
Pokhara_Airport,SPEI-6,Lead 30,Random Forest,0.028751629720212283,0.001730235565139753,0.04159610035976633,4.401406109391262,0.9043829351057526
Pokhara_Airport,SPEI-6,Lead 30,LSTM,0.058670417796562346,0.005707067556916166,0.07554513589183731,7.993653726509899,0.6846134364938739
Pokhara_Airport,SPEI-6,Lead 30,Transformer,0.05876919720568752,0.005003075016828718,0.07073241842909599,7.484405891735162,0.7235177924941913
Dhangadhi,SPEI-6,Lead 30,Random Forest,0.027932712167812113,0.0032940806180059303,0.05739408173327569,6.103709949286669,-1.405402590945351
Dhangadhi,SPEI-6,Lead 30,LSTM,0.0699328842004105,0.006817671262357253,0.08256919075755347,8.78101671655866,-3.9783979265859832
Dhangadhi,SPEI-6,Lead 30,Transformer,0.05443380549994109,0.004851878954909767,0.06965543018968275,7.40767217509317,-2.542937639503808
Dadeldhura,SPEI-6,Lead 30,Random Forest,0.07199725790954137,0.01430649037134415,0.1196097419583545,13.041529762039131,0.2071131466054703
Dadeldhura,SPEI-6,Lead 30,LSTM,0.06940679172771469,0.008930018122747385,0.09449877312826545,10.303580143643778,0.5050851895665828
Dadeldhura,SPEI-6,Lead 30,Transformer,0.11502339253837478,0.019189101908839712,0.13852473392445017,15.10390717909314,-0.06348840540528711
Surkhet_Airport,SPEI-6,Lead 30,Random Forest,0.03061586996020572,0.0013989102391126947,0.03740200849035643,3.8818554463007513,0.47446684340607226
Surkhet_Airport,SPEI-6,Lead 30,LSTM,0.04897470922095065,0.0036371116230958524,0.06030847057500176,6.259256505436086,-0.36636554564245016
Surkhet_Airport,SPEI-6,Lead 30,Transformer,0.08229222326240682,0.009628537409865403,0.0981251110056208,10.184145503155168,-2.6171839456967825
Biratnagar_Airport,SPEI-6,Lead 30,Random Forest,0.07060313749762769,0.00990548258651465,0.09952629093116376,12.029759869330343,0.34466478088563013
Biratnagar_Airport,SPEI-6,Lead 30,LSTM,0.11929169077222017,0.02261675275821263,0.1503886723068351,18.177504637140625,-0.4962980849248988
Biratnagar_Airport,SPEI-6,Lead 30,Transformer,0.08673703269659237,0.013137205451369895,0.11461764895237511,13.853854903905969,0.13085775096463526
Khumaltar,SPEI-6,Lead 30,Random Forest,0.09936399265148552,0.061898740011118704,0.24879457391815984,27.317805458443168,-0.6634724740253197
Khumaltar,SPEI-6,Lead 30,LSTM,0.08885385993131799,0.018255353329883473,0.13511237297110681,14.83542611772331,0.5094039432399944
Khumaltar,SPEI-6,Lead 30,Transformer,0.10842467413165194,0.026945288778170033,0.1641502018828184,18.023798551467106,0.2758698128734478
Dipayal,SPEI-6,Lead 30,Random Forest,0.06277191414518707,0.024587365886316444,0.15680359015761228,17.88203884032603,-1.0829134962634077
Dipayal,SPEI-6,Lead 30,LSTM,0.19181375744771034,0.1614718358914097,0.4018355831573527,45.82573331530318,-12.679052396248167
Dipayal,SPEI-6,Lead 30,Transformer,0.15627700560109553,0.07283356220008294,0.26987693899272486,30.777037058433194,-5.170079803950116
Okhaldhunga,SPEI-6,Lead 30,Random Forest,0.20237266143318747,0.45123799287617444,0.6717425048902105,83.59968180380827,0.12681976859650868
Okhaldhunga,SPEI-6,Lead 30,LSTM,0.21280049597205583,0.45325573812478454,0.6732427037293346,83.78638451307589,0.12291527630882548
Okhaldhunga,SPEI-6,Lead 30,Transformer,0.2585587313389007,0.4601612272866892,0.6783518462322404,84.42222739099985,0.10955262351907946
Kathmandu_Airport,SPEI-6,Lead 30,Random Forest,0.02160880428864344,0.0007808055837464535,0.027942898628210595,2.987456996148821,0.9228834055672014
Kathmandu_Airport,SPEI-6,Lead 30,LSTM,0.06314478566322694,0.005007040389259373,0.07076044367624734,7.565205933853289,0.5054775336589525
Kathmandu_Airport,SPEI-6,Lead 30,Transformer,0.10302207445364053,0.014008625599671722,0.11835803986071974,12.654004115213418,-0.3835678450803752
Nepalgunj_Airport,SPEI-6,Lead 60,Random Forest,0.09536664610698375,0.07553529990478046,0.2748368605278056,30.036900540777527,-7.272311334726879
Nepalgunj_Airport,SPEI-6,Lead 60,LSTM,0.06483466473303416,0.009371273015059557,0.09680533567453582,10.57984811021532,-0.02630277606657261
Nepalgunj_Airport,SPEI-6,Lead 60,Transformer,0.06879744249023796,0.009772558790823687,0.09885625317006348,10.803992734456042,-0.07024992230816984
Parwanipur,SPEI-6,Lead 60,Random Forest,0.029767819428197825,0.0012407537309266831,0.03522433435746775,3.7599947830810145,0.7531797571871601
Parwanipur,SPEI-6,Lead 60,LSTM,0.0607026823766004,0.005490783818410799,0.07409982333589467,7.909729289493894,-0.09226880525338332
Parwanipur,SPEI-6,Lead 60,Transformer,0.04553638808981853,0.0030948308694483226,0.055631204098494244,5.938310574277969,0.3843525208734231
Jumla,SPEI-6,Lead 60,Random Forest,0.1058902783740417,0.023813116570080478,0.15431499139772675,16.155141488342,-0.7021825601168961
Jumla,SPEI-6,Lead 60,LSTM,0.08460160603148052,0.00919940407048776,0.09591352391862036,10.041127796567485,0.34241848914781814
Jumla,SPEI-6,Lead 60,Transformer,0.143774067325744,0.022935959844736134,0.1514462275685206,15.854812368418623,-0.6394826243073035
Dhankuta,SPEI-6,Lead 60,Random Forest,0.06630189201177893,0.008467769555535742,0.09202048443436789,9.698518948220073,0.5821326311147531
Dhankuta,SPEI-6,Lead 60,LSTM,0.08355322906144727,0.009093479896577331,0.0953597393902549,10.050460449742015,0.5512550863043362
Dhankuta,SPEI-6,Lead 60,Transformer,0.13392560577809778,0.025526308270754187,0.15976954738232874,16.83894615596417,-0.25967188933248075
Taplejung,SPEI-6,Lead 60,Random Forest,0.04222299156203064,0.0033206199589980736,0.05762482068517067,6.248523361061992,0.8032452449050115
Taplejung,SPEI-6,Lead 60,LSTM,0.054330850011780514,0.004244923536151987,0.06515307771818601,7.064846767877922,0.7484780248672169
Taplejung,SPEI-6,Lead 60,Transformer,0.06802266648234258,0.006127102110428082,0.0782758079512954,8.487804539330043,0.636954397050902
Pokhara_Airport,SPEI-6,Lead 60,Random Forest,0.033371683981372136,0.002067608817054751,0.04547096674862709,4.808286231829138,0.8851659815146972
Pokhara_Airport,SPEI-6,Lead 60,LSTM,0.07060615423917299,0.007836548545435508,0.08852428223620629,9.360920118808757,0.564761789994009
Pokhara_Airport,SPEI-6,Lead 60,Transformer,0.07006762778644259,0.007778110158352176,0.08819359476941722,9.325951871874611,0.5680074304494109
Dhangadhi,SPEI-6,Lead 60,Random Forest,0.02060220841726035,0.0005384716946659166,0.023204992882263863,2.475010984621022,0.5983116664826542
Dhangadhi,SPEI-6,Lead 60,LSTM,0.060803412967672374,0.005085916251630382,0.07131561015395144,7.606419851173013,-2.7939844262263414
Dhangadhi,SPEI-6,Lead 60,Transformer,0.06977316798376539,0.00670095234261154,0.08185934487040279,8.730999348979832,-3.9987667061177437
Dadeldhura,SPEI-6,Lead 60,Random Forest,0.08524850487755983,0.020420426422777235,0.14290005746247003,15.839564756748835,-0.0462139583927863
Dadeldhura,SPEI-6,Lead 60,LSTM,0.08986215259927226,0.01449708530656283,0.12040384257390971,13.346002060997844,0.2572607109311169
Dadeldhura,SPEI-6,Lead 60,Transformer,0.12752284003671444,0.02450689647463532,0.1565467868550336,17.35221812981069,-0.2555789305188958
Surkhet_Airport,SPEI-6,Lead 60,Random Forest,0.03149407024351281,0.0016238613977944904,0.040297163644535706,4.198679910408097,0.3546622996884389
Surkhet_Airport,SPEI-6,Lead 60,LSTM,0.06706812172930549,0.006327252016459946,0.07954402564907025,8.28792580618823,-1.514509102279125
Surkhet_Airport,SPEI-6,Lead 60,Transformer,0.09904789689105938,0.013379230633675895,0.1156686242404391,12.0518539008571,-4.317031330876611
Biratnagar_Airport,SPEI-6,Lead 60,Random Forest,0.08365610099568653,0.0111981023303046,0.10582108641619872,12.856240045978264,0.22118706179034264
Biratnagar_Airport,SPEI-6,Lead 60,LSTM,0.10841385896407847,0.01574991430978943,0.12549866258167627,15.246875516412015,-0.09538533211669464
Biratnagar_Airport,SPEI-6,Lead 60,Transformer,0.07246572517650951,0.010287048123982004,0.10142508626558817,12.322168481487553,0.2845496550552915
Khumaltar,SPEI-6,Lead 60,Random Forest,0.0971197823914156,0.04288623899104806,0.2070899297190669,23.0210571961054,-0.18480309638065173
Khumaltar,SPEI-6,Lead 60,LSTM,0.07233198358039747,0.015108703863238409,0.12291746768965918,13.66406400312545,0.5825971327725954
Khumaltar,SPEI-6,Lead 60,Transformer,0.10915014758948201,0.02553872398332979,0.1598083977246809,17.76502734550455,0.2944506218095745
Dipayal,SPEI-6,Lead 60,Random Forest,0.0656305626129846,0.024045445175348457,0.1550659381532529,17.69809905199004,-1.0214284375905245
Dipayal,SPEI-6,Lead 60,LSTM,0.15440196755983085,0.09041394184661489,0.3006891116196509,34.31846957930933,-6.600828841828864
Dipayal,SPEI-6,Lead 60,Transformer,0.14479038762337004,0.06110991615739659,0.24720419931181709,28.21409045463315,-4.137327316608684
Okhaldhunga,SPEI-6,Lead 60,Random Forest,0.21681885666850328,0.5218164699243614,0.7223686523682775,90.29156215216474,-0.012014634254932544
Okhaldhunga,SPEI-6,Lead 60,LSTM,0.2460105012507558,0.45823262829915734,0.6769288207035932,84.61186748174313,0.1113003278737672
Okhaldhunga,SPEI-6,Lead 60,Transformer,0.30749444005138715,0.5141438024666074,0.717038215485484,89.62529089091466,0.002865792482353302
Kathmandu_Airport,SPEI-6,Lead 60,Random Forest,0.03308541286642092,0.0014051559163870738,0.03748540938001176,4.038238660494258,0.8603113466053081
Kathmandu_Airport,SPEI-6,Lead 60,LSTM,0.051018319029138184,0.0035863342771350827,0.059886010696447986,6.451416901054877,0.6434771401850434
Kathmandu_Airport,SPEI-6,Lead 60,Transformer,0.07641500185263049,0.008640301490573663,0.09295322205590112,10.013690690111643,0.14105469288725614
Nepalgunj_Airport,SPEI-6,Lead 90,Random Forest,0.044455403740562005,0.006139686846185991,0.07835615385013478,8.593226945594587,0.31020307051291884
Nepalgunj_Airport,SPEI-6,Lead 90,LSTM,0.05093702902489662,0.00860064113809914,0.09273964167549463,10.170647085293052,0.03371360831432524
Nepalgunj_Airport,SPEI-6,Lead 90,Transformer,0.08320040588617209,0.011336602998076088,0.10647348495318489,11.676821473920448,-0.27367309356253644
Parwanipur,SPEI-6,Lead 90,Random Forest,0.037746667223470046,0.001966247616789522,0.04434239074282669,4.721796032737282,0.5774931446190503
Parwanipur,SPEI-6,Lead 90,LSTM,0.05003168091669909,0.0032237726967058304,0.05677827662676836,6.0460303747899475,0.3072764320639747
Parwanipur,SPEI-6,Lead 90,Transformer,0.06555714594439097,0.00583982540007929,0.07641875031744035,8.137444689628131,-0.2548603973847394
Jumla,SPEI-6,Lead 90,Random Forest,0.09304055657181884,0.012336579841834693,0.11107015729634442,11.616029675873374,0.11759136844250151
Jumla,SPEI-6,Lead 90,LSTM,0.04923892296276354,0.003888176650891204,0.06235524557638438,6.52128709180726,0.721887210089464
Jumla,SPEI-6,Lead 90,Transformer,0.08986407016693101,0.010953357297430003,0.10465828824049246,10.945458362717938,0.2165302581669084
Dhankuta,SPEI-6,Lead 90,Random Forest,0.07027294020044082,0.008061286182286515,0.08978466562997556,9.493489752138695,0.6223489870908011
Dhankuta,SPEI-6,Lead 90,LSTM,0.07546044191879836,0.007364479642023963,0.08581654643496185,9.073915890067637,0.6549926235752792
Dhankuta,SPEI-6,Lead 90,Transformer,0.1371522258708209,0.028235580016940744,0.1680344608017675,17.767326084412634,-0.3227660143001998
Taplejung,SPEI-6,Lead 90,Random Forest,0.15877355824462688,0.45809609245529015,0.6768279637066499,83.77288557146201,0.09108133574176214
Taplejung,SPEI-6,Lead 90,LSTM,0.15583805197677703,0.47726597765362344,0.6908443946748236,85.50773834141351,0.05304593937969104
Taplejung,SPEI-6,Lead 90,Transformer,0.1819707617462292,0.48518282446334393,0.6965506618066943,86.21401894610436,0.03733794722271688
Pokhara_Airport,SPEI-6,Lead 90,Random Forest,0.04764657182587767,0.005822573043560736,0.07630578643563499,8.118894044947842,0.6910940558037256
Pokhara_Airport,SPEI-6,Lead 90,LSTM,0.04559271331855855,0.003227399775795458,0.05681020837662416,6.044575176094661,0.8287762184205666
Pokhara_Airport,SPEI-6,Lead 90,Transformer,0.08629654544445584,0.011436120515024791,0.10693979855519081,11.378336220805839,0.3932775803400247
Dhangadhi,SPEI-6,Lead 90,Random Forest,0.023267318709335363,0.0007192992944348492,0.026819755674406306,2.867478130633318,0.4948640685935698
Dhangadhi,SPEI-6,Lead 90,LSTM,0.0468950112610199,0.0030991568242383486,0.055670071171486285,5.95205689242622,-1.1764173565834466
Dhangadhi,SPEI-6,Lead 90,Transformer,0.0988390568026427,0.011787097839423161,0.10856840166191617,11.607768587558173,-7.277620584034972
Dadeldhura,SPEI-6,Lead 90,Random Forest,0.08548121095253292,0.01411208427657648,0.1187942939563028,13.398930016180346,0.3973419443790044
Dadeldhura,SPEI-6,Lead 90,LSTM,0.07582170939307734,0.009400131890510158,0.09695427731931251,10.935572183699865,0.5985663707296056
Dadeldhura,SPEI-6,Lead 90,Transformer,0.09198832079976642,0.012805519482638987,0.11316147525831831,12.763598629338748,0.4531389324656032
Surkhet_Airport,SPEI-6,Lead 90,Random Forest,0.030096839807912598,0.0017224210215289178,0.041502060449198394,4.3379697198599025,0.32653096593953224
Surkhet_Airport,SPEI-6,Lead 90,LSTM,0.056261382591734355,0.00579796275061112,0.07614435468641861,7.958927855456302,-1.2670115635877282
Surkhet_Airport,SPEI-6,Lead 90,Transformer,0.08366849217058174,0.009591143389117157,0.09793438307926974,10.236513169052497,-2.75015051086087
Biratnagar_Airport,SPEI-6,Lead 90,Random Forest,0.09230725242138607,0.01364244925985009,0.1168008958007176,14.342897624832373,0.011106423263672949
Biratnagar_Airport,SPEI-6,Lead 90,LSTM,0.08676626142279138,0.01059736517342853,0.1029435047656166,12.641239948312204,0.23183395072800295
Biratnagar_Airport,SPEI-6,Lead 90,Transformer,0.09830272932976403,0.016788325297122295,0.12956976999718064,15.91088778559883,-0.21692716126449096
Khumaltar,SPEI-6,Lead 90,Random Forest,0.06537625549971342,0.014920378564900059,0.12214900148957444,13.781205031472268,0.5869181322963484
Khumaltar,SPEI-6,Lead 90,LSTM,0.06895018312797355,0.014658164374129623,0.12107090639013826,13.659571211894761,0.5941777287731203
Khumaltar,SPEI-6,Lead 90,Transformer,0.11024278130826322,0.02749109368008403,0.16580438377824644,18.706532023186085,0.23888845894968536
Dipayal,SPEI-6,Lead 90,Random Forest,0.09994527441042877,0.07043457735986307,0.2653951343937245,30.382813853616884,-4.855335418686653
Dipayal,SPEI-6,Lead 90,LSTM,0.10428556244543682,0.032974565083680844,0.18158900044793694,20.78856800098322,-1.7412266260049862
Dipayal,SPEI-6,Lead 90,Transformer,0.14608056922177287,0.05191433879642482,0.2278471829898821,26.08427077484607,-3.3157193254576773
Okhaldhunga,SPEI-6,Lead 90,Random Forest,0.22370199037376304,0.4902445383971565,0.7001746484964708,88.01498544985034,0.04742258244085584
Okhaldhunga,SPEI-6,Lead 90,LSTM,0.2128670258257305,0.44692178592412585,0.6685220908273157,84.03612187819208,0.13160154302089466
Okhaldhunga,SPEI-6,Lead 90,Transformer,0.28659553182946146,0.5021169191907284,0.7086020880513466,89.07435109725655,0.024353764838939806
Kathmandu_Airport,SPEI-6,Lead 90,Random Forest,0.040065125462155106,0.0026928676527806757,0.05189284779987196,5.65072245642111,0.7597553777722613
Kathmandu_Airport,SPEI-6,Lead 90,LSTM,0.03371444044355739,0.002207873959283098,0.046988019316450205,5.116625261311429,0.8030241684077182
Kathmandu_Airport,SPEI-6,Lead 90,Transformer,0.08960357773991048,0.009345152363879275,0.09667032824956825,10.526637443682233,0.16627072370136553
Nepalgunj_Airport,SPEI-9,Lead 30,Random Forest,0.04379650749810136,0.0050757322116506964,0.07124417317683389,7.78821296271229,-1.0758138245060254
Nepalgunj_Airport,SPEI-9,Lead 30,LSTM,0.05091972747018789,0.005386310075764147,0.07339148503582787,8.022951065626238,-1.2028303409472243
Nepalgunj_Airport,SPEI-9,Lead 30,Transformer,0.05816505187015748,0.0046424735796581455,0.06813569974439351,7.4484033754680254,-0.8986247569243415
Parwanipur,SPEI-9,Lead 30,Random Forest,0.029947025466862457,0.0012899782373530875,0.03591626702976087,3.736742199079463,0.502072036121451
Parwanipur,SPEI-9,Lead 30,LSTM,0.05662999256624521,0.00579061605778096,0.07609609752005,7.917067176074231,-1.2351614777390196
Parwanipur,SPEI-9,Lead 30,Transformer,0.11238238286186929,0.020189339556709825,0.1420891957775461,14.783014433411598,-6.793028166236844
Jumla,SPEI-9,Lead 30,Random Forest,0.04109833187652375,0.0026370997217305416,0.0513526992643088,5.393784367819488,0.5472312196849043
Jumla,SPEI-9,Lead 30,LSTM,0.12092687667260404,0.024081449487264484,0.15518198828235344,16.299399925531276,-3.1345909002687415
Jumla,SPEI-9,Lead 30,Transformer,0.04885694342019818,0.004179727369321292,0.06465081104921494,6.790539523722164,0.28237447849892305
Dhankuta,SPEI-9,Lead 30,Random Forest,0.0714801142329536,0.027125622498465632,0.16469858074211094,17.865638246864243,-2.2106541945958544
Dhankuta,SPEI-9,Lead 30,LSTM,0.09752227466796166,0.01232630182392712,0.11102387952115131,12.043288165270598,-0.45897085521575565
Dhankuta,SPEI-9,Lead 30,Transformer,0.1667198156105001,0.05363443838622235,0.23159110169914204,25.12178809013694,-5.348301668994263
Taplejung,SPEI-9,Lead 30,Random Forest,0.3021511685771828,0.13721201346109244,0.37042139984225053,125.78728409800554,0.8587769453857006
Taplejung,SPEI-9,Lead 30,LSTM,0.2995049371265305,0.15008172298468903,0.38740382417406394,131.55415673281666,0.8455310229254459
Taplejung,SPEI-9,Lead 30,Transformer,0.4800339597889598,0.3428508599891708,0.5855346787246429,198.8352104207187,0.6471267748101399
Pokhara_Airport,SPEI-9,Lead 30,Random Forest,0.25422601027142727,0.13991104406061322,0.3740468474143489,3337.548496909295,0.8508408745135886
Pokhara_Airport,SPEI-9,Lead 30,LSTM,0.27963319660708186,0.1443591168777686,0.3799462026100124,3390.1873152875987,0.8460987853099704
Pokhara_Airport,SPEI-9,Lead 30,Transformer,0.4742485882359427,0.34052910010019893,0.5835487127054595,5206.893581450213,0.6369620202990163
Dhangadhi,SPEI-9,Lead 30,Random Forest,0.017427340337862016,0.0004565803367257612,0.021367740562019216,2.2639795938946636,0.09385574971124977
Dhangadhi,SPEI-9,Lead 30,LSTM,0.03391932377275747,0.0018947728568241568,0.04352898869516907,4.612033820922693,-2.760428103686941
Dhangadhi,SPEI-9,Lead 30,Transformer,0.05128839473335153,0.004041126805441013,0.0635698576798864,6.735427180816093,-7.020152259946219
Dadeldhura,SPEI-9,Lead 30,Random Forest,0.05397706664134176,0.02485137833290828,0.1576431994502404,17.076918871689934,-7.95421068723169
Dadeldhura,SPEI-9,Lead 30,LSTM,0.10179958961268025,0.01643265496246947,0.1281899175538758,13.886351138966432,-4.920856892258961
Dadeldhura,SPEI-9,Lead 30,Transformer,0.1399799935993517,0.028437551745720557,0.16863437296625072,18.26755303220011,-9.246346353475516
Surkhet_Airport,SPEI-9,Lead 30,Random Forest,0.02954447009329398,0.0013710111104359626,0.03702716719431778,4.184461527845458,-0.2205235487843158
Surkhet_Airport,SPEI-9,Lead 30,LSTM,0.058478550363661105,0.007910360620358589,0.08894020811960465,10.051184234589975,-6.042088385012197
Surkhet_Airport,SPEI-9,Lead 30,Transformer,0.06152009269336319,0.006144025639338732,0.0783838353191443,8.858202453799048,-4.469633265599852
Biratnagar_Airport,SPEI-9,Lead 30,Random Forest,0.33472516874818264,0.7773775023889685,0.8816901396686755,158.70024794447502,0.3347793247875007
Biratnagar_Airport,SPEI-9,Lead 30,LSTM,0.4033063911417886,1.150146496069178,1.0724488314456677,193.0359519753136,0.0157919075903451
Biratnagar_Airport,SPEI-9,Lead 30,Transformer,0.43956170297843095,1.2743976499219651,1.1288922224561408,203.19550774799714,-0.09053280107163286
Khumaltar,SPEI-9,Lead 30,Random Forest,0.16419246225300302,0.22942469615802263,0.47898298107346426,49.67615331441375,-23.508913636280987
Khumaltar,SPEI-9,Lead 30,LSTM,0.1283782370888637,0.03047941419925213,0.17458354504148474,18.106361378891005,-2.2560458520968374
Khumaltar,SPEI-9,Lead 30,Transformer,0.11038662353094494,0.026007599577245084,0.16126871853290423,16.725457695188684,-1.7783321612710705
Dipayal,SPEI-9,Lead 30,Random Forest,0.1790340910378355,0.24077091714575138,0.4906841317443956,66.82885949992084,0.4824487810457797
Dipayal,SPEI-9,Lead 30,LSTM,0.20805580655069136,0.37364577485993306,0.6112657154298228,83.2515012628484,0.19682647502319028
Dipayal,SPEI-9,Lead 30,Transformer,0.39143184465376385,0.5712882221396423,0.7558361079887903,102.94130541001907,-0.22801756643879045
Okhaldhunga,SPEI-9,Lead 30,Random Forest,0.10280115296980756,0.05733140107782553,0.23943976503042583,25.530505923132736,-6.505836076674596
Okhaldhunga,SPEI-9,Lead 30,LSTM,0.25234655011326074,0.17580589486881903,0.4192921354721777,44.7074459283534,-22.01653550045235
Okhaldhunga,SPEI-9,Lead 30,Transformer,0.3143704758792502,0.20284563928877103,0.45038387991664514,48.0226344710716,-25.55658310710041
Kathmandu_Airport,SPEI-9,Lead 30,Random Forest,0.023210615217303245,0.0008747582579715455,0.029576312447151785,3.3721448965391665,0.5979871274770385
Kathmandu_Airport,SPEI-9,Lead 30,LSTM,0.1254098992859753,0.022438558743831112,0.14979505580569444,17.078891557714,-9.31209408277022
Kathmandu_Airport,SPEI-9,Lead 30,Transformer,0.13183315464747578,0.03139693881926473,0.17719181363501174,20.202534414169847,-13.429099066099774
Nepalgunj_Airport,SPEI-9,Lead 60,Random Forest,0.040201116655199126,0.004886003211679099,0.06989995144260902,7.649428232378738,-1.088051732900142
Nepalgunj_Airport,SPEI-9,Lead 60,LSTM,0.05280599736442796,0.00600653706112936,0.07750185198515813,8.481334284239937,-1.5669160612176474
Nepalgunj_Airport,SPEI-9,Lead 60,Transformer,0.0558839343059512,0.005372497736384234,0.07329732421026182,8.021216175409505,-1.2959569862018268
Parwanipur,SPEI-9,Lead 60,Random Forest,0.04322340369228045,0.002762744377107559,0.052561814819387265,5.462566730339568,-0.026992469550527254
Parwanipur,SPEI-9,Lead 60,LSTM,0.06100175689049956,0.005292695103629217,0.07275091135944084,7.560749364525028,-0.9674487658336608
Parwanipur,SPEI-9,Lead 60,Transformer,0.07875421840241327,0.012815888427907002,0.11320728080784823,11.765239231143614,-3.764038618672328
Jumla,SPEI-9,Lead 60,Random Forest,0.038880697903873926,0.0025172979958789704,0.050172681768856746,5.229617506554012,0.49844821820607277
Jumla,SPEI-9,Lead 60,LSTM,0.05509259227323027,0.00503850972449427,0.07098246068215916,7.398670072129174,-0.003883343983574372
Jumla,SPEI-9,Lead 60,Transformer,0.14219055161008973,0.028782860867763414,0.1696551233171678,17.683555506629588,-4.734758132325434
Dhankuta,SPEI-9,Lead 60,Random Forest,0.08259507319373197,0.03952548635293941,0.19881017668353754,21.457512260075593,-4.022914868608145
Dhankuta,SPEI-9,Lead 60,LSTM,0.07904398510820358,0.010481854098467695,0.1023809264388035,11.04993728643687,-0.3320382785842477
Dhankuta,SPEI-9,Lead 60,Transformer,0.20318040228518094,0.05005312931215396,0.2237255669612974,24.14662154647094,-5.360772014224369
Taplejung,SPEI-9,Lead 60,Random Forest,0.3308755776887574,0.16728198393084454,0.40900120284767444,145.34892734531147,0.828164384657379
Taplejung,SPEI-9,Lead 60,LSTM,0.4029473371401132,0.2439990972577138,0.49396264763412406,175.54212672819335,0.7493589325336045
Taplejung,SPEI-9,Lead 60,Transformer,0.6424517948040082,0.7219968758041158,0.8497039930494124,301.9638159762501,0.25834943779397457
Pokhara_Airport,SPEI-9,Lead 60,Random Forest,0.34599132679462585,0.25271792264099235,0.5027105754218747,618.5690088101458,0.7183999766397338
Pokhara_Airport,SPEI-9,Lead 60,LSTM,0.3397105648912878,0.20646507761827734,0.4543842840793213,559.1050794703915,0.7699388706871424
Pokhara_Airport,SPEI-9,Lead 60,Transformer,0.45073849759533813,0.3229738937791168,0.5683079216227034,699.2844092887827,0.6401147370851216
Dhangadhi,SPEI-9,Lead 60,Random Forest,0.028812845383274003,0.001570957022492007,0.039635300206911604,4.202572633401582,-2.286229218816669
Dhangadhi,SPEI-9,Lead 60,LSTM,0.04595543113899232,0.0031504645840311836,0.05612899949251887,5.951416943382637,-5.590345006680828
Dhangadhi,SPEI-9,Lead 60,Transformer,0.05509474467546898,0.004541191895916651,0.06738836617634122,7.145259453666284,-8.499558092901738
Dadeldhura,SPEI-9,Lead 60,Random Forest,0.05341863550821204,0.0240493739527132,0.15507860572210855,16.858214926642457,-8.272377403915609
Dadeldhura,SPEI-9,Lead 60,LSTM,0.1255649176320506,0.025619860271581182,0.1600620513162979,17.399953076214278,-8.87788762987254
Dadeldhura,SPEI-9,Lead 60,Transformer,0.2282709356589439,0.07030556558442357,0.2651519669631428,28.82402009273033,-26.106723816441388
Surkhet_Airport,SPEI-9,Lead 60,Random Forest,0.03476368076172943,0.0016908062062619181,0.041119413982472056,4.649030093078055,-0.5317136703133003
Surkhet_Airport,SPEI-9,Lead 60,LSTM,0.04089402963793877,0.002642413814089457,0.05140441434438736,5.811869529706338,-1.393781940636285
Surkhet_Airport,SPEI-9,Lead 60,Transformer,0.06416767206467232,0.005948919522196738,0.07712923908737035,8.72036147514765,-4.389169570111507
Biratnagar_Airport,SPEI-9,Lead 60,Random Forest,0.2881865495727834,0.8680179074192613,0.931674786295766,168.20067198475505,0.2564705913837674
Biratnagar_Airport,SPEI-9,Lead 60,LSTM,0.4207034765854785,1.253119147102894,1.1194280446294411,202.09686052991347,-0.07340059508825014
Biratnagar_Airport,SPEI-9,Lead 60,Transformer,0.4121090605710748,1.2815852011417377,1.132071199678597,204.37940290044443,-0.0977841338888108
Khumaltar,SPEI-9,Lead 60,Random Forest,0.10043877150867651,0.04547025014921726,0.2132375439485675,22.16402807982552,-4.015702287135022
Khumaltar,SPEI-9,Lead 60,LSTM,0.06938596657359135,0.013534988915904475,0.11633997127343841,12.09244086366202,-0.493008607585544
Khumaltar,SPEI-9,Lead 60,Transformer,0.12974626325108804,0.026518328018102725,0.1628444902908991,16.926146252757984,-1.9251661922885681
Dipayal,SPEI-9,Lead 60,Random Forest,0.18811980756919824,0.3399247102472085,0.5830306254796642,78.39643835927615,0.26815753225068084
Dipayal,SPEI-9,Lead 60,LSTM,0.20769834280050758,0.4019493449352433,0.6339947515044926,85.24926184715515,0.1346213098373995
Dipayal,SPEI-9,Lead 60,Transformer,0.31680876032741434,0.4407917249465299,0.6639214749852048,89.27331895516825,0.05099542921211708
Okhaldhunga,SPEI-9,Lead 60,Random Forest,0.20239694870917474,0.3459861898197769,0.5882059076716052,62.711057934266236,-44.2391026545169
Okhaldhunga,SPEI-9,Lead 60,LSTM,0.38552096061321495,0.4943992623034997,0.7031353086735864,74.9641554135415,-63.644715996658476
Okhaldhunga,SPEI-9,Lead 60,Transformer,0.5040055756952425,0.5225068001364992,0.7228463184775165,77.06562746888042,-67.31989097995805
Kathmandu_Airport,SPEI-9,Lead 60,Random Forest,0.03272898319750627,0.0014331596362114594,0.037857094925673566,4.304418852457109,0.36625418095201634
Kathmandu_Airport,SPEI-9,Lead 60,LSTM,0.10405024916546037,0.01689629366066999,0.12998574406707064,14.779609698300394,-6.471572038662011
Kathmandu_Airport,SPEI-9,Lead 60,Transformer,0.1521694660463834,0.03481624636454248,0.18659112080842025,21.215741453108237,-14.395807983262078
Nepalgunj_Airport,SPEI-9,Lead 90,Random Forest,0.025931982956411796,0.0010428996104425916,0.03229395625256515,3.541833189820006,0.5041264630745459
Nepalgunj_Airport,SPEI-9,Lead 90,LSTM,0.05754519869145928,0.005103068536977134,0.0714357651108822,7.8347032438867386,-1.4263856456231259
Nepalgunj_Airport,SPEI-9,Lead 90,Transformer,0.08989613602392282,0.010905699592966007,0.10443035762155566,11.453378575113998,-4.185396346552979
Parwanipur,SPEI-9,Lead 90,Random Forest,0.03617386238277605,0.0018917904870987714,0.043494717921820934,4.51060029444513,0.32536593298845773
Parwanipur,SPEI-9,Lead 90,LSTM,0.061190589500871966,0.0048957928201546,0.06996994226204992,7.256201609050416,-0.745895565090851
Parwanipur,SPEI-9,Lead 90,Transformer,0.07210022464602868,0.008093174369959441,0.08996207184119005,9.329476477238812,-1.8861182977046274
Jumla,SPEI-9,Lead 90,Random Forest,0.12252655887335193,0.034540295918548486,0.18585019752087564,19.275187971544565,-5.832814473793704
Jumla,SPEI-9,Lead 90,LSTM,0.08321443915010751,0.011934679723540623,0.10924595975843053,11.330288789383797,-1.3609367026675883
Jumla,SPEI-9,Lead 90,Transformer,0.16795406297162252,0.045693472899533766,0.21376031647509733,22.1698461227169,-8.039153101701485
Dhankuta,SPEI-9,Lead 90,Random Forest,0.05719850894315609,0.005712442355124033,0.07558070094358767,8.123542407129692,0.2197962250599852
Dhankuta,SPEI-9,Lead 90,LSTM,0.10047446725184732,0.01856963141997324,0.1362704348711533,14.64657832877293,-1.5362350519147165
Dhankuta,SPEI-9,Lead 90,Transformer,0.08866615431997012,0.01608168897800636,0.12681359934173606,13.63014154661327,-1.196432570877008
Taplejung,SPEI-9,Lead 90,Random Forest,0.39040202922607864,0.22158039791609255,0.47072327105858336,178.22906546117807,0.7744330364226839
Taplejung,SPEI-9,Lead 90,LSTM,0.408663334075397,0.2739789776591129,0.5234300121879838,198.185319575983,0.7210917271753168
Taplejung,SPEI-9,Lead 90,Transformer,0.540525443201776,0.498496653663771,0.7060429545458059,267.3277139690998,0.49253463944509246
Pokhara_Airport,SPEI-9,Lead 90,Random Forest,0.3602796481642927,0.2327298012546733,0.48242077199750977,358.0595936969826,0.7344483146861823
Pokhara_Airport,SPEI-9,Lead 90,LSTM,0.38280007605317523,0.25487635703931244,0.5048528073006155,374.7089709888623,0.7091784301213266
Pokhara_Airport,SPEI-9,Lead 90,Transformer,0.4534341846763531,0.33367474610336334,0.5776458656507145,428.7370195508585,0.619267104183852
Dhangadhi,SPEI-9,Lead 90,Random Forest,0.030242142992507718,0.0013504275977605455,0.03674816454954649,3.900454112563159,-2.0431251339020036
Dhangadhi,SPEI-9,Lead 90,LSTM,0.02952862844518407,0.0013885371095961716,0.03726307971164181,3.9551072628969113,-2.129003128027753
Dhangadhi,SPEI-9,Lead 90,Transformer,0.11107807178547201,0.016041783370105315,0.12665616199026922,13.443298569384138,-35.14940500855701
Dadeldhura,SPEI-9,Lead 90,Random Forest,0.03163953797883888,0.0015376337762514716,0.0392126736687448,4.288398733767769,0.39143115512740945
Dadeldhura,SPEI-9,Lead 90,LSTM,0.16054248537798965,0.05598649305726755,0.23661465097763398,25.87678611805989,-21.158485287303154
Dadeldhura,SPEI-9,Lead 90,Transformer,0.17646903823288368,0.04815590969852593,0.21944454811757327,23.99901955754003,-18.05927587677278
Surkhet_Airport,SPEI-9,Lead 90,Random Forest,0.026306138378939088,0.001073530197624107,0.032764770678643654,3.7074034269516427,-0.003036806848147444
Surkhet_Airport,SPEI-9,Lead 90,LSTM,0.04433289602969053,0.003975539874169858,0.06305188239989237,7.134454477884653,-2.714485935942967
Surkhet_Airport,SPEI-9,Lead 90,Transformer,0.107954510532538,0.0215509119460967,0.14680228862690356,16.610990910871127,-19.135770703906477
Biratnagar_Airport,SPEI-9,Lead 90,Random Forest,0.34488454808398245,1.1872389402171777,1.0896049468578866,198.1411936804263,-0.019469940990350487
Biratnagar_Airport,SPEI-9,Lead 90,LSTM,0.36985916171198896,1.2522855188880218,1.1190556370833498,203.4967080187316,-0.0753247731331197
Biratnagar_Airport,SPEI-9,Lead 90,Transformer,0.36163763714652186,1.182501304135025,1.0874287581883353,197.74546069306962,-0.015401781318783003
Khumaltar,SPEI-9,Lead 90,Random Forest,0.056341210134159776,0.00509098359492141,0.07135112889731605,7.430887143663164,0.42204996697269526
Khumaltar,SPEI-9,Lead 90,LSTM,0.10440102281883656,0.016886625473290767,0.12994854933122865,13.533535060850715,-0.9170412883954273
Khumaltar,SPEI-9,Lead 90,Transformer,0.1263254433752979,0.023356210729507075,0.15282738867594078,15.916259423813827,-1.6514960244572707
Dipayal,SPEI-9,Lead 90,Random Forest,0.2124227889314506,0.5028338094000261,0.7091077558453482,94.51044769910568,-0.08354498500732377
Dipayal,SPEI-9,Lead 90,LSTM,0.2428933170294898,0.3369943425007692,0.580512138116654,77.37112112497557,0.27381865943294714
Dipayal,SPEI-9,Lead 90,Transformer,0.31257093923092233,0.3834631541221397,0.6192440182368657,82.53333702265029,0.17368408842694372
Okhaldhunga,SPEI-9,Lead 90,Random Forest,0.11051267989116446,0.0629357914151705,0.2508700687909391,26.763359025921346,-7.27308185248134
Okhaldhunga,SPEI-9,Lead 90,LSTM,0.4418103634956418,0.47116117086223686,0.6864118085101952,73.22788947811634,-60.9354240981967
Okhaldhunga,SPEI-9,Lead 90,Transformer,0.3973981709381925,0.28087024921216347,0.5299719324758279,56.53854671013754,-35.92116217829825
Kathmandu_Airport,SPEI-9,Lead 90,Random Forest,0.07791234760302387,0.020569262538722783,0.14341988195059563,16.29831272323996,-8.073105630466895
Kathmandu_Airport,SPEI-9,Lead 90,LSTM,0.04949812488854676,0.00405413191998493,0.063672065460333,7.235727853719679,-0.7882783634378587
Kathmandu_Airport,SPEI-9,Lead 90,Transformer,0.19665389947803283,0.05939880120903828,0.24371869277722275,27.69632367115419,-25.200822546658653
Nepalgunj_Airport,SPEI-12,Lead 30,Random Forest,0.033472450137626335,0.0022161487674492377,0.04707598928805679,5.3432939616881026,0.06432521956776094
Nepalgunj_Airport,SPEI-12,Lead 30,LSTM,0.042665918099963035,0.002978674631655106,0.054577235470982824,6.194712360760032,-0.2576189707520671
Nepalgunj_Airport,SPEI-12,Lead 30,Transformer,0.09041898146564446,0.013070358534231781,0.11432566874605099,12.976374256073425,-4.518404283735926
Parwanipur,SPEI-12,Lead 30,Random Forest,0.033554885764294363,0.0014107704784137207,0.03756022468534661,3.5826357352121008,-0.3488638637982211
Parwanipur,SPEI-12,Lead 30,LSTM,0.043766924330210746,0.002513184730942868,0.05013167392919239,4.781747925879536,-1.4029026113659286
Parwanipur,SPEI-12,Lead 30,Transformer,0.11223887938953618,0.016229898130780997,0.12739661742283817,12.15156932493714,-14.517707122956102
Jumla,SPEI-12,Lead 30,Random Forest,0.02450540154430038,0.0010330760521832492,0.03214150046564798,3.3735003630398745,0.4194050311584111
Jumla,SPEI-12,Lead 30,LSTM,0.0650170564212311,0.006561747110626036,0.08100461166270742,8.50206377714415,-2.687741431222852
Jumla,SPEI-12,Lead 30,Transformer,0.0969307188546395,0.011604510570779426,0.10772423390667221,11.306495867570092,-5.52180489425231
Dhankuta,SPEI-12,Lead 30,Random Forest,0.18912848473636606,0.5001114855730084,0.7071856089973894,86.80382332405817,0.06866208106657679
Dhankuta,SPEI-12,Lead 30,LSTM,0.24892679251516553,0.5128516528591345,0.7161366160580915,87.90251880878553,0.044936569396855086
Dhankuta,SPEI-12,Lead 30,Transformer,0.2674373727433424,0.5721919687896464,0.7564337173802119,92.84880507243872,-0.06557056339625267
Taplejung,SPEI-12,Lead 30,Random Forest,0.4242379181920072,0.34290129999261887,0.5855777488878986,112.25272114704876,0.4259456834912222
Taplejung,SPEI-12,Lead 30,LSTM,0.4430586452597251,0.34816050713767865,0.5900512750072477,113.11027675084864,0.4171411949602648
Taplejung,SPEI-12,Lead 30,Transformer,0.5449341568298508,0.5835494210028236,0.763904065313717,146.43710453412976,0.023074383124007558
Pokhara_Airport,SPEI-12,Lead 30,Random Forest,0.3885357660844264,0.3682431047719232,0.606830375617374,269.9698528584921,0.3154905234699459
Pokhara_Airport,SPEI-12,Lead 30,LSTM,0.3165982681832006,0.20979106149800353,0.45802954216731867,203.77056434914107,0.610029440264398
Pokhara_Airport,SPEI-12,Lead 30,Transformer,0.4440041199512703,0.3491175905922486,0.5908617355966188,262.8656412534492,0.3510420260774574
Dhangadhi,SPEI-12,Lead 30,Random Forest,0.015192549373193632,0.00028779866937122313,0.01696462995090736,1.7739043880259127,-2.2373927270169935
Dhangadhi,SPEI-12,Lead 30,LSTM,0.024885440199097237,0.0009061012208106678,0.030101515257718637,3.147561140821706,-9.192561030954455
Dhangadhi,SPEI-12,Lead 30,Transformer,0.10415818527950618,0.012970692962539644,0.11388895013362642,11.908783685487858,-144.90486868142216
Dadeldhura,SPEI-12,Lead 30,Random Forest,0.34831884639724386,0.22976592140113822,0.47933904639736813,55.131412720783025,0.5768334140733553
Dadeldhura,SPEI-12,Lead 30,LSTM,0.4706303236868179,0.3703187948524582,0.6085382443630459,69.99132108788709,0.31797309554623976
Dadeldhura,SPEI-12,Lead 30,Transformer,0.5945951670517637,0.5319023256106669,0.7293163412475185,83.88267243306542,0.02038000325494138
Surkhet_Airport,SPEI-12,Lead 30,Random Forest,0.02055520991918289,0.0006372985951834511,0.02524477362115674,2.865746735825191,-0.05973501260720315
Surkhet_Airport,SPEI-12,Lead 30,LSTM,0.028752163902631134,0.0012183157810153257,0.034904380541922325,3.9622900210990633,-1.025882214885756
Surkhet_Airport,SPEI-12,Lead 30,Transformer,0.07769544354663331,0.0103902227992242,0.10193244232933987,11.571209481363152,-16.27743160324705
Biratnagar_Airport,SPEI-12,Lead 30,Random Forest,0.3682845305739884,1.0885722671463296,1.0433466668113383,194.82237587834572,0.10560914901056939
Biratnagar_Airport,SPEI-12,Lead 30,LSTM,0.4674293827058215,1.0989478366241836,1.048307128958009,195.74863466807525,0.09708439167946026
Biratnagar_Airport,SPEI-12,Lead 30,Transformer,0.47151660833023484,1.0591076841799183,1.0291295759912442,192.16764231781787,0.12981778837124391
Khumaltar,SPEI-12,Lead 30,Random Forest,0.2788483565792966,0.9605468525194387,0.9800749218908923,126.2200859230954,-0.06825687026620053
Khumaltar,SPEI-12,Lead 30,LSTM,0.32496500892649616,0.9522324587504569,0.9758239896366849,125.67262468069964,-0.05901014977305996
Khumaltar,SPEI-12,Lead 30,Transformer,0.3266867674753025,0.8889247508851598,0.9428280600858037,121.4232056107887,0.011396508361859792
Dipayal,SPEI-12,Lead 30,Random Forest,0.07811535529785825,0.021689742991543175,0.14727437995640374,16.577137838861276,-1.2348734487164101
Dipayal,SPEI-12,Lead 30,LSTM,0.15647495122438534,0.07770746475698681,0.2787605868070069,31.377166027855857,-7.0068422120155365
Dipayal,SPEI-12,Lead 30,Transformer,0.3269717239468641,0.2564012441671398,0.5063607845865828,56.995741722155124,-25.41913890037407
Okhaldhunga,SPEI-12,Lead 30,Random Forest,0.43081609780355135,0.3264979651606289,0.5714000045157761,8576.353321864239,-0.02821398352215798
Okhaldhunga,SPEI-12,Lead 30,LSTM,0.41800204047863826,0.27935140688282867,0.528537044002432,7933.007345528311,0.12026090964395153
Okhaldhunga,SPEI-12,Lead 30,Transformer,0.4790821071174565,0.33428723286870454,0.5781757802508719,8678.053437850658,-0.05274410264526086
Kathmandu_Airport,SPEI-12,Lead 30,Random Forest,0.31402496898645704,0.14430029422910512,0.37986878554193565,56.99223949365738,0.5281141586408231
Kathmandu_Airport,SPEI-12,Lead 30,LSTM,0.4243455714510921,0.24198044795519028,0.491915082057046,73.80270039071773,0.2086838915621968
Kathmandu_Airport,SPEI-12,Lead 30,Transformer,0.5002332757624478,0.3715029149612522,0.609510389543322,91.44568708157406,-0.2148760093000428
Nepalgunj_Airport,SPEI-12,Lead 60,Random Forest,0.040998939940237185,0.0029818088074132433,0.054605941136594685,6.21080662449927,-0.3181552424146985
Nepalgunj_Airport,SPEI-12,Lead 60,LSTM,0.039900612236035804,0.0026646785320714765,0.051620524329683795,5.871249314519539,-0.1779628417715433
Nepalgunj_Airport,SPEI-12,Lead 60,Transformer,0.06128958870547775,0.006737928055740881,0.08208488323522718,9.336224702973608,-1.978606531581363
Parwanipur,SPEI-12,Lead 60,Random Forest,0.042603169665746475,0.002575944217717808,0.05075376062635958,4.841082197425798,-1.4628001069466476
Parwanipur,SPEI-12,Lead 60,LSTM,0.04004470530411111,0.002829198303142533,0.053190208714974346,5.073479665538124,-1.7049304234258127
Parwanipur,SPEI-12,Lead 60,Transformer,0.09178007692995348,0.009457290008540177,0.0972485990055393,9.27593257248817,-8.041894107898635
Jumla,SPEI-12,Lead 60,Random Forest,0.030412759317622856,0.0014110414551836018,0.03756383174256324,3.936358957590933,0.22045825142937037
Jumla,SPEI-12,Lead 60,LSTM,0.07492631524723704,0.009409553700809493,0.09700285408589529,10.165045360914098,-4.198387275052694
Jumla,SPEI-12,Lead 60,Transformer,0.07900072499914623,0.008599567125725256,0.09273385102391281,9.717691412621942,-3.7509033625564845
Dhankuta,SPEI-12,Lead 60,Random Forest,0.20406484175338382,0.4534495422179103,0.6733866216505272,81.55759750391394,0.1549022906728027
Dhankuta,SPEI-12,Lead 60,LSTM,0.2819135222901133,0.5356842123775293,0.7319045104229986,88.64502434881626,0.001640847207116325
Dhankuta,SPEI-12,Lead 60,Transformer,0.2850469487162479,0.5931667658913887,0.7701732051242686,93.27995872246962,-0.10548986917476455
Taplejung,SPEI-12,Lead 60,Random Forest,0.46849986433753643,0.3672200122299253,0.605986808626991,114.43667971597718,0.3660098340972271
Taplejung,SPEI-12,Lead 60,LSTM,0.5082276090136756,0.4355757037082149,0.6599815934616775,124.63324474098177,0.2479965593915301
Taplejung,SPEI-12,Lead 60,Transformer,0.6441516564017602,0.7408340509335897,0.8607171724402795,162.5408573030819,-0.27901935410788825
Pokhara_Airport,SPEI-12,Lead 60,Random Forest,0.46707386575026383,0.4790908846481571,0.6921639145810456,408.4805711710551,0.17395057202142739
Pokhara_Airport,SPEI-12,Lead 60,LSTM,0.38417527798972817,0.26857382084925496,0.518241083714187,305.8400032426,0.5369244997314517
Pokhara_Airport,SPEI-12,Lead 60,Transformer,0.4829798771887752,0.41710037698801017,0.6458330875605632,381.1384311295462,0.28083472497368434
Dhangadhi,SPEI-12,Lead 60,Random Forest,0.012478538555841573,0.00021872313530218418,0.014789291237317094,1.5482806973849972,-1.2952171076764913
Dhangadhi,SPEI-12,Lead 60,LSTM,0.022766688233538293,0.0008881956417856975,0.02980261132494429,3.1200148205648204,-8.320467307556358
Dhangadhi,SPEI-12,Lead 60,Transformer,0.06815520536003032,0.0069231362749056806,0.08320538609312308,8.710714471657033,-71.64938295158268
Dadeldhura,SPEI-12,Lead 60,Random Forest,0.500521389905363,0.4499996445575718,0.6708201283187407,86.2554921449062,0.29505307365431577
Dadeldhura,SPEI-12,Lead 60,LSTM,0.5950579814013478,0.55070409261602,0.7420943960279043,95.42009049100795,0.13729452431604117
Dadeldhura,SPEI-12,Lead 60,Transformer,0.6741045792686294,0.6753911010113423,0.8218218182862647,105.67161359538333,-0.05803390402069608
Surkhet_Airport,SPEI-12,Lead 60,Random Forest,0.02677221274173651,0.0009600589429813989,0.03098481794333152,3.522508528808292,-0.6362374465052592
Surkhet_Airport,SPEI-12,Lead 60,LSTM,0.03789612392425603,0.0022143705607945556,0.047057098941547124,5.349685535210629,-2.773972482105302
Surkhet_Airport,SPEI-12,Lead 60,Transformer,0.06611264959522252,0.0059378160245412625,0.07705722564783436,8.760249456596183,-9.119875452273813
Biratnagar_Airport,SPEI-12,Lead 60,Random Forest,0.3495128639527385,1.0466148531107387,1.0230419605816463,192.41500544795872,0.13827893794681634
Biratnagar_Airport,SPEI-12,Lead 60,LSTM,0.34707265884458216,0.7661086310632024,0.87527631697836,164.62305925761632,0.36923124944602426
Biratnagar_Airport,SPEI-12,Lead 60,Transformer,0.4277999607832852,1.2037187679412813,1.097141179585053,206.35167879821284,0.008928822249419266
Khumaltar,SPEI-12,Lead 60,Random Forest,0.2715450043261995,0.9475451641608723,0.9734193156912762,125.77853594722876,-0.055166240470535755
Khumaltar,SPEI-12,Lead 60,LSTM,0.34751619638365827,0.9618592388299189,0.9807442270183999,126.72501051149672,-0.07110609107145982
Khumaltar,SPEI-12,Lead 60,Transformer,0.3697244876826625,0.9464700755915325,0.9728669362207416,125.70716127860327,-0.053969044593453086
Dipayal,SPEI-12,Lead 60,Random Forest,0.11269009099173297,0.05536262174845652,0.2352926300342969,26.392741633251337,-4.849662929238186
Dipayal,SPEI-12,Lead 60,LSTM,0.14537102820590128,0.06862323675021326,0.2619603724806736,29.38405859981641,-6.250791082943059
Dipayal,SPEI-12,Lead 60,Transformer,0.2797876916070374,0.15293269145677474,0.39106609602057646,43.865829678944344,-15.15900164461156
Okhaldhunga,SPEI-12,Lead 60,Random Forest,0.43000545401671414,0.30270189391992136,0.5501835093129577,5393.534444804132,0.026862723397665822
Okhaldhunga,SPEI-12,Lead 60,LSTM,0.5118228955168136,0.4527493889421633,0.6728665461606509,6596.215320967616,-0.4555155292655797
Okhaldhunga,SPEI-12,Lead 60,Transformer,0.46533249122630427,0.35250450589113663,0.5937208989846463,5820.338241821503,-0.13324456088041803
Kathmandu_Airport,SPEI-12,Lead 60,Random Forest,0.4605834767794965,0.27172154133900106,0.5212691640016711,89.7353611600998,0.2047953795039592
Kathmandu_Airport,SPEI-12,Lead 60,LSTM,0.5877329046141678,0.4342309081278322,0.6589619929311797,113.43888438079368,-0.2707951780482618
Kathmandu_Airport,SPEI-12,Lead 60,Transformer,0.5552783561327065,0.41937823268145447,0.6475941882702889,111.48194135156966,-0.22732819312139374
Nepalgunj_Airport,SPEI-12,Lead 90,Random Forest,0.046458206754207795,0.006581460072007107,0.08112619843186976,9.2467481004693,-2.092835920923275
Nepalgunj_Airport,SPEI-12,Lead 90,LSTM,0.03334417469489715,0.0016991107141073982,0.04122027066999195,4.698278322984323,0.20153421995700838
Nepalgunj_Airport,SPEI-12,Lead 90,Transformer,0.07070972394452388,0.0065656072991642665,0.08102843512720868,9.235605058281399,-2.0853862023565526
Parwanipur,SPEI-12,Lead 90,Random Forest,0.04648770491605925,0.0031012464495469775,0.05568883595072694,5.308973607592698,-1.854256723304812
Parwanipur,SPEI-12,Lead 90,LSTM,0.048840521607509825,0.0033326893072035397,0.057729449219644735,5.503511018961352,-2.0672669897490086
Parwanipur,SPEI-12,Lead 90,Transformer,0.0851087933750435,0.01043366695871516,0.10214532274517106,9.73780136243039,-8.602707991809636
Jumla,SPEI-12,Lead 90,Random Forest,0.0462655818508325,0.0061343634439853445,0.07832217721683524,8.184024021425914,-2.290800087846649
Jumla,SPEI-12,Lead 90,LSTM,0.07842244343235624,0.008671077394535303,0.09311862002057002,9.730130726327255,-3.651628895519683
Jumla,SPEI-12,Lead 90,Transformer,0.15236116481911788,0.04415385193987221,0.21012817978527346,21.95666836712419,-22.68648371901822
Dhankuta,SPEI-12,Lead 90,Random Forest,0.22528571294689323,0.5447513487690224,0.7380727259349328,88.20747791325144,-0.017017419373079434
Dhankuta,SPEI-12,Lead 90,LSTM,0.29247350576028813,0.5862153498949381,0.7656470139006212,91.50289625244842,-0.09442817111743418
Dhankuta,SPEI-12,Lead 90,Transformer,0.23389273334030206,0.5486715225411767,0.7407236478884528,88.52429105570792,-0.024336143819121636
Taplejung,SPEI-12,Lead 90,Random Forest,0.5575575615542117,0.5101006008325738,0.7142132740523476,133.73064183901712,0.10274643269804107
Taplejung,SPEI-12,Lead 90,LSTM,0.6067759247541257,0.6395671927020101,0.7997294496903375,149.74285201651702,-0.12498190404901988
Taplejung,SPEI-12,Lead 90,Transformer,0.7093662869766134,0.8575929326049316,0.9260631364031999,173.3978100294678,-0.5084834576097332
Pokhara_Airport,SPEI-12,Lead 90,Random Forest,0.5536398021652146,0.5588156849301826,0.7475397547489917,754.1373886946498,0.08117079972572117
Pokhara_Airport,SPEI-12,Lead 90,LSTM,0.49845145356905246,0.44177674587864185,0.6646628813756955,670.5290608808319,0.2736113443806425
Pokhara_Airport,SPEI-12,Lead 90,Transformer,0.5862353954593489,0.530704859297526,0.7284949274343137,734.9244756047574,0.12739184922673985
Dhangadhi,SPEI-12,Lead 90,Random Forest,0.009259364755950506,0.00011965388798841023,0.010938641962712293,1.146562027561519,-0.26686746945596895
Dhangadhi,SPEI-12,Lead 90,LSTM,0.05651136965081188,0.00453483004763812,0.06734114676509541,7.058536337189046,-47.01372327676192
Dhangadhi,SPEI-12,Lead 90,Transformer,0.07460368998261951,0.007749141190469128,0.08802920646279351,9.227008781406878,-81.04610026025676
Dadeldhura,SPEI-12,Lead 90,Random Forest,0.570806037777067,0.5490842767884161,0.7410022110550117,109.09031778757333,0.2154906646701943
Dadeldhura,SPEI-12,Lead 90,LSTM,0.5940397904846129,0.5504904635573685,0.7419504454863334,109.22991682507515,0.2134815620713857
Dadeldhura,SPEI-12,Lead 90,Transformer,0.7094560067388471,0.7554554029440734,0.8691693752911877,127.95908291116149,-0.07936402677824583
Surkhet_Airport,SPEI-12,Lead 90,Random Forest,0.030040580253741483,0.0011220006803464003,0.03349627860444202,3.8136450755708347,-0.942067162696232
Surkhet_Airport,SPEI-12,Lead 90,LSTM,0.035159928533978556,0.0016878308319331731,0.04108321837360327,4.677439404218355,-1.9214606481982557
Surkhet_Airport,SPEI-12,Lead 90,Transformer,0.07123569612373067,0.008720698716810367,0.09338468138196096,10.632107360094585,-14.094627757672837
Biratnagar_Airport,SPEI-12,Lead 90,Random Forest,0.4169698119334638,1.4016988751497421,1.1839336447410143,223.79625331442784,-0.15574901453550538
Biratnagar_Airport,SPEI-12,Lead 90,LSTM,0.49685828887840155,1.3586554140055327,1.1656137499212733,220.33328574020263,-0.12025819786897785
Biratnagar_Airport,SPEI-12,Lead 90,Transformer,0.38396014713318455,1.3142270491850987,1.1463974220073503,216.70086748036158,-0.0836254804080645
Khumaltar,SPEI-12,Lead 90,Random Forest,0.3323265564113341,1.0072118843482054,1.0035994641031876,129.9295302772765,-0.12252146240024864
Khumaltar,SPEI-12,Lead 90,LSTM,0.37346341775132286,1.0146366057834175,1.0072917183137253,130.40754254451917,-0.1307961951480281
Khumaltar,SPEI-12,Lead 90,Transformer,0.3214713527870739,0.948105105432468,0.973706888869781,126.0595319385216,-0.05664790695744548
Dipayal,SPEI-12,Lead 90,Random Forest,0.11102610458290704,0.05449710605573667,0.2334461523686708,26.14147148328766,-4.795036759496415
Dipayal,SPEI-12,Lead 90,LSTM,0.1971849725181664,0.11360669053335001,0.3370559160337495,37.74376886432738,-11.080548774317798
Dipayal,SPEI-12,Lead 90,Transformer,0.24942859147123989,0.1405432162242086,0.3748909391065735,41.98056251756257,-13.94488722913403
Okhaldhunga,SPEI-12,Lead 90,Random Forest,0.481599479897787,0.3415488234428607,0.5844217855648955,2139.033337168675,-0.12207912748899385
Okhaldhunga,SPEI-12,Lead 90,LSTM,0.5844845445856789,0.5436476078659486,0.7373246285496969,2698.670719913093,-0.7860276236546735
Okhaldhunga,SPEI-12,Lead 90,Transformer,0.6063440355992308,0.6135709412189758,0.7833076925570027,2866.972636929611,-1.0157444532692623
Kathmandu_Airport,SPEI-12,Lead 90,Random Forest,0.4511068310374977,0.2715544413480565,0.5211088574837858,111.5195221363825,0.1701996692116683
Kathmandu_Airport,SPEI-12,Lead 90,LSTM,0.5273170353505203,0.36655278923938367,0.6054360323266065,129.56589787252156,-0.12009077904334986
Kathmandu_Airport,SPEI-12,Lead 90,Transformer,0.5476937032788193,0.4592180285358771,0.6776562760986407,145.0213386280664,-0.4032518492106911
