Date,Precipitation,Tmean,PET,SPEI-1,SPEI-1_lead30,SPEI-1_lead60,SPEI-1_lead90,SPEI-6,SPEI-6_lead30,SPEI-6_lead60,SPEI-6_lead90,SPEI-9,SPEI-9_lead30,SPEI-9_lead60,SPEI-9_lead90,SPEI-12,SPEI-12_lead30,SPEI-12_lead60,SPEI-12_lead90
2000-06,159.7,16.54833333333333,98.17322646714936,1.053226325376931,1.084322227728868,0.9984699373829181,1.027551041500408,,,,,,,,,,,,
2000-07,197.0,18.25801707779886,89.57201014751368,1.084322227728868,0.9984699373829181,1.027551041500408,0.5561724196131534,,,,,,,,,,,,
2000-08,143.4,19.62907969639469,89.25989364357063,0.9984699373829181,1.027551041500408,0.5561724196131534,0.7893475596004449,,,,1.005452668260493,,,,,,,,
2000-09,145.8,17.33583333333333,77.08274130914025,1.027551041500408,0.5561724196131534,0.7893475596004449,0.821228862859995,,,1.005452668260493,0.937479136356646,,,,,,,,
2000-10,3.8,13.33548387096774,57.61307572674416,0.5561724196131534,0.7893475596004449,0.821228862859995,0.9450776930601555,,1.005452668260493,0.937479136356646,0.8480244132663232,,,,,,,,
2000-11,9.8,9.070833333333333,37.57428016977848,0.7893475596004449,0.821228862859995,0.9450776930601555,0.970522582058013,1.005452668260493,0.937479136356646,0.8480244132663232,0.8271887423508448,,,,0.9693809636836873,,,,
2000-12,4.2,6.314516129032258,24.96950578560699,0.821228862859995,0.9450776930601555,0.970522582058013,0.9551697330252515,0.937479136356646,0.8480244132663232,0.8271887423508448,0.7552780432287728,,,0.9693809636836873,0.9464548327083259,,,,
2001-01,28.7,4.883870967741935,18.31170031989212,0.9450776930601555,0.970522582058013,0.9551697330252515,0.8841944921835877,0.8480244132663232,0.8271887423508448,0.7552780432287728,0.848129120001585,,0.9693809636836873,0.9464548327083259,0.8905358744152938,,,,
2001-02,45.40000000000001,6.544642857142857,24.3940709353217,0.970522582058013,0.9551697330252515,0.8841944921835877,0.9328856351686465,0.8271887423508448,0.7552780432287728,0.848129120001585,0.8975123904760387,0.9693809636836873,0.9464548327083259,0.8905358744152938,0.8699647332962445,,,,0.9466374804775959
2001-03,50.7,8.903225806451612,33.01038239959529,0.9551697330252515,0.8841944921835877,0.9328856351686465,1.073863103824727,0.7552780432287728,0.848129120001585,0.8975123904760387,0.9892820466860903,0.9464548327083259,0.8905358744152938,0.8699647332962445,0.8919047523429824,,,0.9466374804775959,0.9535790954654402
2001-04,40.2,12.57333333333333,46.84605219292634,0.8841944921835877,0.9328856351686465,1.073863103824727,0.9307970026347173,0.848129120001585,0.8975123904760387,0.9892820466860903,0.9856304874189329,0.8905358744152938,0.8699647332962445,0.8919047523429824,0.9301245022320866,,0.9466374804775959,0.9535790954654402,0.9086203404533175
2001-05,84.7,16.85322580645161,63.84143562195178,0.9328856351686465,1.073863103824727,0.9307970026347173,0.9829044991278617,0.8975123904760387,0.9892820466860903,0.9856304874189329,0.9894512567852122,0.8699647332962445,0.8919047523429824,0.9301245022320866,0.9586884494523955,0.9466374804775959,0.9535790954654402,0.9086203404533175,0.9038325655994977
2001-06,181.9,19.36666666666667,75.9213185714009,1.073863103824727,0.9307970026347173,0.9829044991278617,0.7490986433656877,0.9892820466860903,0.9856304874189329,0.9894512567852122,0.9491359592797957,0.8919047523429824,0.9301245022320866,0.9586884494523955,0.9527209525716026,0.9535790954654402,0.9086203404533175,0.9038325655994977,0.8334784674204565
2001-07,108.9,20.77903225806451,82.9174888911773,0.9307970026347173,0.9829044991278617,0.7490986433656877,0.6828802896815016,0.9856304874189329,0.9894512567852122,0.9491359592797957,0.9138563430727347,0.9301245022320866,0.9586884494523955,0.9527209525716026,0.9232603449710098,0.9086203404533175,0.9038325655994977,0.8334784674204565,0.8439496787723479
2001-08,130.5,20.35967741935484,80.59974449081372,0.9829044991278617,0.7490986433656877,0.6828802896815016,0.8023759377329543,0.9894512567852122,0.9491359592797957,0.9138563430727347,0.8726422385187929,0.9586884494523955,0.9527209525716026,0.9232603449710098,0.8922515444040527,0.9038325655994977,0.8334784674204565,0.8439496787723479,0.8462410817407992
2001-09,44.3,18.97333333333334,72.956241919705,0.7490986433656877,0.6828802896815016,0.8023759377329543,0.8509502456417666,0.9491359592797957,0.9138563430727347,0.8726422385187929,0.6474568130966276,0.9527209525716026,0.9232603449710098,0.8922515444040527,0.8679242970730705,0.8334784674204565,0.8439496787723479,0.8462410817407992,0.8523992216726737
2001-10,11.6,14.79516129032258,51.58712143051194,0.6828802896815016,0.8023759377329543,0.8509502456417666,1.032937246760368,0.9138563430727347,0.8726422385187929,0.6474568130966276,0.7893683785357212,0.9232603449710098,0.8922515444040527,0.8679242970730705,0.9111435013059683,0.8439496787723479,0.8462410817407992,0.8523992216726737,0.8862077531821997
2001-11,1.2,9.241666666666667,26.92696870481751,0.8023759377329543,0.8509502456417666,1.032937246760368,0.9907370719026931,0.8726422385187929,0.6474568130966276,0.7893683785357212,0.7969087377993384,0.8922515444040527,0.8679242970730705,0.9111435013059683,0.925184038670463,0.8462410817407992,0.8523992216726737,0.8862077531821997,0.8927682273960695
2001-12,0.0,6.05,15.03914861785945,0.8509502456417666,1.032937246760368,0.9907370719026931,0.965608316291075,0.6474568130966276,0.7893683785357212,0.7969087377993384,0.8856959249093472,0.8679242970730705,0.9111435013059683,0.925184038670463,0.8873090404529643,0.8523992216726737,0.8862077531821997,0.8927682273960695,0.8957482734667805
2002-01,74.7,4.048387096774194,8.59935715969604,1.032937246760368,0.9907370719026931,0.965608316291075,1.032733787201972,0.7893683785357212,0.7969087377993384,0.8856959249093472,0.9785937556979066,0.9111435013059683,0.925184038670463,0.8873090404529643,0.9175893428509131,0.8862077531821997,0.8927682273960695,0.8957482734667805,0.9335683165050239
2002-02,55.2,6.092857142857143,15.16782286911509,0.9907370719026931,0.965608316291075,1.032733787201972,0.8351117525894632,0.7969087377993384,0.8856959249093472,0.9785937556979066,0.9835175544434801,0.925184038670463,0.8873090404529643,0.9175893428509131,0.8862924009011117,0.8927682273960695,0.8957482734667805,0.9335683165050239,0.9174899419969188
2002-03,62.0,9.924193548387096,29.49458626458626,0.965608316291075,1.032733787201972,0.8351117525894632,0.5619860910144971,0.8856959249093472,0.9785937556979066,0.9835175544434801,0.9536751181687103,0.8873090404529643,0.9175893428509131,0.8862924009011117,0.8721304762113234,0.8957482734667805,0.9335683165050239,0.9174899419969188,0.8038256731732206
2002-04,114.9,12.93,42.46455773534507,1.032733787201972,0.8351117525894632,0.5619860910144971,0.6033931720438122,0.9785937556979066,0.9835175544434801,0.9536751181687103,0.8290225838465627,0.9175893428509131,0.8862924009011117,0.8721304762113234,0.8662278222332307,0.9335683165050239,0.9174899419969188,0.8038256731732206,0.7108545326692701
2002-05,45.6,15.51935483870968,55.07373106921622,0.8351117525894632,0.5619860910144971,0.6033931720438122,1.169054268753756,0.9835175544434801,0.9536751181687103,0.8290225838465627,0.9776348085804352,0.8862924009011117,0.8721304762113234,0.8662278222332307,0.9762800418819859,0.9174899419969188,0.8038256731732206,0.7108545326692701,0.8806508339438777
2002-06,29.3,19.92,77.54225966754133,0.5619860910144971,0.6033931720438122,1.169054268753756,0.946535863588538,0.9536751181687103,0.8290225838465627,0.9776348085804352,0.9719078526814116,0.8721304762113234,0.8662278222332307,0.9762800418819859,0.9877660933496623,0.8038256731732206,0.7108545326692701,0.8806508339438777,0.9140636485301612
2002-07,44.3,21.23387096774194,84.67470207687902,0.6033931720438122,1.169054268753756,0.946535863588538,0.7363179931343504,0.8290225838465627,0.9776348085804352,0.9719078526814116,0.8829034586851294,0.8662278222332307,0.9762800418819859,0.9877660933496623,0.9485274185527965,0.7108545326692701,0.8806508339438777,0.9140636485301612,0.918158517820688
2002-08,290.9,19.89677419354839,77.5783008864927,1.169054268753756,0.946535863588538,0.7363179931343504,0.8845542029626347,0.9776348085804352,0.9719078526814116,0.8829034586851294,0.8979986101986045,0.9762800418819859,0.9877660933496623,0.9485274185527965,0.9281885541632235,0.8806508339438777,0.9140636485301612,0.918158517820688,0.929396852507911
2002-09,89.8,16.92166666666667,62.66461538522674,0.946535863588538,0.7363179931343504,0.8845542029626347,0.8500508549732542,0.9719078526814116,0.8829034586851294,0.8979986101986045,0.937549395995538,0.9877660933496623,0.9485274185527965,0.9281885541632235,0.9062475748151828,0.9140636485301612,0.918158517820688,0.929396852507911,0.9292747719723743
2002-10,12.2,13.29032258064516,45.55806545395129,0.7363179931343504,0.8845542029626347,0.8500508549732542,0.974639170649425,0.8829034586851294,0.8979986101986045,0.937549395995538,0.9969965764642165,0.9485274185527965,0.9281885541632235,0.9062475748151828,0.8864094664315333,0.918158517820688,0.929396852507911,0.9292747719723743,0.9117099243903639
2002-11,23.3,8.910833333333333,26.67665219532875,0.8845542029626347,0.8500508549732542,0.974639170649425,1.00853738424339,0.8979986101986045,0.937549395995538,0.9969965764642165,0.882442909758623,0.9281885541632235,0.9062475748151828,0.8864094664315333,0.9248678487767057,0.929396852507911,0.9292747719723743,0.9117099243903639,0.9171496010397977
2002-12,0.0,5.868279569892473,15.24788935539389,0.8500508549732542,0.974639170649425,1.00853738424339,0.931395606419397,0.937549395995538,0.9969965764642165,0.882442909758623,0.8752508881358544,0.9062475748151828,0.8864094664315333,0.9248678487767057,0.9565206206421765,0.9292747719723743,0.9117099243903639,0.9171496010397977,0.9089275164655316
2003-01,44.4,5.112365591397849,12.42875990719681,0.974639170649425,1.00853738424339,0.931395606419397,0.8927803161431277,0.9969965764642165,0.882442909758623,0.8752508881358544,0.9137085292340503,0.8864094664315333,0.9248678487767057,0.9565206206421765,0.9767275018238754,0.9117099243903639,0.9171496010397977,0.9089275164655316,0.8660682574234265
2003-02,65.1,6.028571428571429,15.54409750481109,1.00853738424339,0.931395606419397,0.8927803161431277,0.7862426292848153,0.882442909758623,0.8752508881358544,0.9137085292340503,0.8883460786535285,0.9248678487767057,0.9565206206421765,0.9767275018238754,0.8646856687357073,0.9171496010397977,0.9089275164655316,0.8660682574234265,0.8577331869569844
2003-03,43.2,9.256451612903225,27.87207171908207,0.931395606419397,0.8927803161431277,0.7862426292848153,0.8194917219141359,0.8752508881358544,0.9137085292340503,0.8883460786535285,0.8797684323770414,0.9565206206421765,0.9767275018238754,0.8646856687357073,0.8317093965900728,0.9089275164655316,0.8660682574234265,0.8577331869569844,0.8830756402921184
2003-04,48.1,13.28,45.23697852582244,0.8927803161431277,0.7862426292848153,0.8194917219141359,1.047557967826023,0.9137085292340503,0.8883460786535285,0.8797684323770414,0.9232872123879677,0.9767275018238754,0.8646856687357073,0.8317093965900728,0.9103154319434339,0.8660682574234265,0.8577331869569844,0.8830756402921184,0.9519841205909072
2003-05,31.3,15.04193548387097,53.67667477929799,0.7862426292848153,0.8194917219141359,1.047557967826023,1.12138284603727,0.8883460786535285,0.8797684323770414,0.9232872123879677,0.9883541232543609,0.8646856687357073,0.8317093965900728,0.9103154319434339,0.9738242802647459,0.8577331869569844,0.8830756402921184,0.9519841205909072,0.9259939238080995
2003-06,63.6,19.59,76.69336732900821,0.8194917219141359,1.047557967826023,1.12138284603727,0.9877154982997879,0.8797684323770414,0.9232872123879677,0.9883541232543609,1.003624766702909,0.8317093965900728,0.9103154319434339,0.9738242802647459,0.9921129639102125,0.8830756402921184,0.9519841205909072,0.9259939238080995,0.9357047741022084
2003-07,171.2,20.28064516129032,80.62896678907953,1.047557967826023,1.12138284603727,0.9877154982997879,0.7269041977062155,0.9232872123879677,0.9883541232543609,1.003624766702909,0.9806067373469077,0.9103154319434339,0.9738242802647459,0.9921129639102125,0.9668057581408196,0.9519841205909072,0.9259939238080995,0.9357047741022084,0.9349979323738238
2003-08,236.3,20.28225806451613,80.64047923397273,1.12138284603727,0.9877154982997879,0.7269041977062155,0.8022206348260966,0.9883541232543609,1.003624766702909,0.9806067373469077,0.9827401181969999,0.9738242802647459,0.9921129639102125,0.9668057581408196,0.9345559678757082,0.9259939238080995,0.9357047741022084,0.9349979323738238,0.924137871593898
2003-09,121.4,18.83833333333333,72.70640085638728,0.9877154982997879,0.7269041977062155,0.8022206348260966,0.8837694502841977,1.003624766702909,0.9806067373469077,0.9827401181969999,0.9936101415915656,0.9921129639102125,0.9668057581408196,0.9345559678757082,0.9263313440077723,0.9357047741022084,0.9349979323738238,0.924137871593898,0.929173314631015
2003-10,10.3,13.24516129032258,45.22274604916588,0.7269041977062155,0.8022206348260966,0.8837694502841977,0.9086256340985063,0.9806067373469077,0.9827401181969999,0.9936101415915656,0.9448808741960234,0.9668057581408196,0.9345559678757082,0.9263313440077723,0.9290202218158541,0.9349979323738238,0.924137871593898,0.929173314631015,0.9145991690645542
2003-11,0.0,8.753333333333334,25.89620979554362,0.8022206348260966,0.8837694502841977,0.9086256340985063,0.8295251400773259,0.9827401181969999,0.9936101415915656,0.9448808741960234,0.7314891721977023,0.9345559678757082,0.9263313440077723,0.9290202218158541,0.9336507582443744,0.924137871593898,0.929173314631015,0.9145991690645542,0.8711561974460004
2003-12,8.0,5.355645161290322,13.40933446589491,0.8837694502841977,0.9086256340985063,0.8295251400773259,0.8015142559876324,0.9936101415915656,0.9448808741960234,0.7314891721977023,0.3354418912210825,0.9263313440077723,0.9290202218158541,0.9336507582443744,0.9317230266374218,0.929173314631015,0.9145991690645542,0.8711561974460004,0.8408919939708868
2004-01,22.6,5.922131147540984,15.09489601739256,0.9086256340985063,0.8295251400773259,0.8015142559876324,0.9671345992937348,0.9448808741960234,0.7314891721977023,0.3354418912210825,0.7397834186718152,0.9290202218158541,0.9336507582443744,0.9317230266374218,0.9074834134251093,0.9145991690645542,0.8711561974460004,0.8408919939708868,0.8645998524306346
2004-02,0.7,6.807377049180329,18.13278037266813,0.8295251400773259,0.8015142559876324,0.9671345992937348,0.9123627516748918,0.7314891721977023,0.3354418912210825,0.7397834186718152,0.8039957844959147,0.9336507582443744,0.9317230266374218,0.9074834134251093,0.8079891366384422,0.8711561974460004,0.8408919939708868,0.8645998524306346,0.888494575975211
2004-03,0.0,7.692622950819672,21.67953269539843,0.8015142559876324,0.9671345992937348,0.9123627516748918,0.810419020907255,0.3354418912210825,0.7397834186718152,0.8039957844959147,0.7662015318240941,0.9317230266374218,0.9074834134251093,0.8079891366384422,0.7257163523014616,0.8408919939708868,0.8645998524306346,0.888494575975211,0.8871497057598706
2004-04,59.3,8.592622950819672,26.13949648334504,0.9671345992937348,0.9123627516748918,0.810419020907255,0.9655574452607795,0.7397834186718152,0.8039957844959147,0.7662015318240941,0.8104138908470702,0.9074834134251093,0.8079891366384422,0.7257163523014616,0.8125899864698611,0.8645998524306346,0.888494575975211,0.8871497057598706,0.8529454293944079
2004-05,79.1,16.35806451612903,60.62977636159076,0.9123627516748918,0.810419020907255,0.9655574452607795,1.11819202124803,0.8039957844959147,0.7662015318240941,0.8104138908470702,0.9706165872110157,0.8079891366384422,0.7257163523014616,0.8125899864698611,0.9246857851500281,0.888494575975211,0.8871497057598706,0.8529454293944079,0.8503373498407162
2004-06,64.9,19.60666666666667,77.14624451822685,0.810419020907255,0.9655574452607795,1.11819202124803,0.9363801194703566,0.7662015318240941,0.8104138908470702,0.9706165872110157,0.996385609089749,0.7257163523014616,0.8125899864698611,0.9246857851500281,0.9339504119955654,0.8871497057598706,0.8529454293944079,0.8503373498407162,0.8297375648244355
2004-07,123.7,20.01883116883117,79.44080541199334,0.9655574452607795,1.11819202124803,0.9363801194703566,0.9097910153829384,0.8104138908470702,0.9706165872110157,0.996385609089749,0.9817801313212798,0.8125899864698611,0.9246857851500281,0.9339504119955654,0.934148252818716,0.8529454293944079,0.8503373498407162,0.8297375648244355,0.8659531191009711
2004-08,215.7,16.85844155844156,64.28270386795508,1.11819202124803,0.9363801194703566,0.9097910153829384,0.8143840709839164,0.9706165872110157,0.996385609089749,0.9817801313212798,0.9624797625389128,0.9246857851500281,0.9339504119955654,0.934148252818716,0.932441695715782,0.8503373498407162,0.8297375648244355,0.8659531191009711,0.8679385850201882
2004-09,71.8,13.74902597402597,50.89269422683093,0.9363801194703566,0.9097910153829384,0.8143840709839164,0.8171159562799291,0.996385609089749,0.9817801313212798,0.9624797625389128,0.9635694989653272,0.9339504119955654,0.934148252818716,0.932441695715782,0.9340991498321134,0.8297375648244355,0.8659531191009711,0.8679385850201882,0.8541297917247342
2004-10,46.4,10.63961038961039,37.63798464621078,0.9097910153829384,0.8143840709839164,0.8171159562799291,0.9734240666663313,0.9817801313212798,0.9624797625389128,0.9635694989653272,0.9662364984135583,0.934148252818716,0.932441695715782,0.9340991498321134,0.9355272146325615,0.8659531191009711,0.8679385850201882,0.8541297917247342,0.8744276558832519
2004-11,1.2,7.530194805194805,24.86112078779553,0.8143840709839164,0.8171159562799291,0.9734240666663313,0.9875837755249128,0.9624797625389128,0.9635694989653272,0.9662364984135583,0.8811234287746752,0.932441695715782,0.9340991498321134,0.9355272146325615,0.9503083270620987,0.8679385850201882,0.8541297917247342,0.8744276558832519,0.9107367696431148
2004-12,0.0,6.946774193548387,22.31214882515994,0.8171159562799291,0.9734240666663313,0.9875837755249128,0.8913427592463118,0.9635694989653272,0.9662364984135583,0.8811234287746752,0.8613189414089263,0.9340991498321134,0.9355272146325615,0.9503083270620987,0.9594839897056682,0.8541297917247342,0.8744276558832519,0.9107367696431148,0.9237243538447159
2005-01,37.9,3.574193548387097,9.947389254954194,0.9734240666663313,0.9875837755249128,0.8913427592463118,0.8017801210854775,0.9662364984135583,0.8811234287746752,0.8613189414089263,0.8181242894422966,0.9355272146325615,0.9503083270620987,0.9594839897056682,0.9363560888626308,0.8744276558832519,0.9107367696431148,0.9237243538447159,0.8929162941927741
2005-02,51.5,5.617857142857143,17.44747670840739,0.9875837755249128,0.8913427592463118,0.8017801210854775,0.751461676907311,0.8811234287746752,0.8613189414089263,0.8181242894422966,0.7969107787189919,0.9503083270620987,0.9594839897056682,0.9363560888626308,0.8264383411617455,0.9107367696431148,0.9237243538447159,0.8929162941927741,0.8649898728135738
2005-03,33.9,10.41935483870968,36.37930037977321,0.8913427592463118,0.8017801210854775,0.751461676907311,-4.491670460117071,0.8613189414089263,0.8181242894422966,0.7969107787189919,0.6673883800388296,0.9594839897056682,0.9363560888626308,0.8264383411617455,0.7127195725775124,0.9237243538447159,0.8929162941927741,0.8649898728135738,0.8228483218095465
2005-04,17.4,12.29333333333333,43.78309080637383,0.8017801210854775,0.751461676907311,-4.491670460117071,1.175493007787601,0.8181242894422966,0.7969107787189919,0.6673883800388296,0.9383288882453501,0.9363560888626308,0.8264383411617455,0.7127195725775124,0.9045473681719673,0.8929162941927741,0.8649898728135738,0.8228483218095465,0.9381654795712323
2005-05,26.9,15.44838709677419,58.62362745349188,0.751461676907311,-4.491670460117071,1.175493007787601,0.871725457413602,0.7969107787189919,0.6673883800388296,0.9383288882453501,0.8953401643878064,0.8264383411617455,0.7127195725775124,0.9045473681719673,0.9129021946354279,0.8649898728135738,0.8228483218095465,0.9381654795712323,0.8505354167320038
2005-06,12.7,20.07666666666666,81.28093278061613,-4.491670460117071,1.175493007787601,0.871725457413602,0.8907569715147681,0.6673883800388296,0.9383288882453501,0.8953401643878064,0.8951385666229842,0.7127195725775124,0.9045473681719673,0.9129021946354279,0.9235663065000833,0.8228483218095465,0.9381654795712323,0.8505354167320038,0.8363545760452769
2005-07,302.4,20.34193548387097,82.64369596248922,1.175493007787601,0.871725457413602,0.8907569715147681,0.6945037079680411,0.9383288882453501,0.8953401643878064,0.8951385666229842,0.8749655604494527,0.9045473681719673,0.9129021946354279,0.9235663065000833,0.8800161392685769,0.9381654795712323,0.8505354167320038,0.8363545760452769,0.7866329436000993
2005-08,85.9,20.3766129032258,82.19619468956168,0.871725457413602,0.8907569715147681,0.6945037079680411,0.812068444701979,0.8953401643878064,0.8951385666229842,0.8749655604494527,0.8884438997346426,0.9129021946354279,0.9235663065000833,0.8800161392685769,0.8324269395000918,0.8505354167320038,0.8363545760452769,0.7866329436000993,0.7860036872672358
2005-09,80.0,18.94083333333333,73.75797007124734,0.8907569715147681,0.6945037079680411,0.812068444701979,0.8965660197407218,0.8951385666229842,0.8749655604494527,0.8884438997346426,0.9547354690389968,0.9235663065000833,0.8800161392685769,0.8324269395000918,0.8339716986029506,0.8363545760452769,0.7866329436000993,0.7860036872672358,0.8108023275889311
2005-10,8.5,13.79193548387097,47.6503654521811,0.6945037079680411,0.812068444701979,0.8965660197407218,0.848394541206919,0.8749655604494527,0.8884438997346426,0.9547354690389968,0.5438893613582942,0.8800161392685769,0.8324269395000918,0.8339716986029506,0.8435977545486265,0.7866329436000993,0.7860036872672358,0.8108023275889311,0.7550682240293262
2005-11,0.0,8.293333333333333,23.81850309624943,0.812068444701979,0.8965660197407218,0.848394541206919,0.8005025727497946,0.8884438997346426,0.9547354690389968,0.5438893613582942,0.341097773094959,0.8324269395000918,0.8339716986029506,0.8435977545486265,0.8512310408106776,0.7860036872672358,0.8108023275889311,0.7550682240293262,0.6203539533946766
2005-12,12.4,5.395967741935484,13.46864729594006,0.8965660197407218,0.848394541206919,0.8005025727497946,0.9361907214259352,0.9547354690389968,0.5438893613582942,0.341097773094959,0.5334604188906952,0.8339716986029506,0.8435977545486265,0.8512310408106776,0.9095957948434367,0.8108023275889311,0.7550682240293262,0.6203539533946766,0.6659560700913928
2006-01,0.0,6.439516129032258,16.59362026570343,0.848394541206919,0.8005025727497946,0.9361907214259352,0.9002095039192635,0.5438893613582942,0.341097773094959,0.5334604188906952,0.7254772158583654,0.8435977545486265,0.8512310408106776,0.9095957948434367,0.7227973716487737,0.7550682240293262,0.6203539533946766,0.6659560700913928,0.721517445665871
2006-02,0.5,9.887500000000001,29.07438643133871,0.8005025727497946,0.9361907214259352,0.9002095039192635,0.8631066300564889,0.341097773094959,0.5334604188906952,0.7254772158583654,0.7572918059891764,0.8512310408106776,0.9095957948434367,0.7227973716487737,0.718344254074962,0.6203539533946766,0.6659560700913928,0.721517445665871,0.7605258477871177
2006-03,46.2,9.935483870967742,29.39050033172066,0.9361907214259352,0.9002095039192635,0.8631066300564889,0.6683205245324342,0.5334604188906952,0.7254772158583654,0.7572918059891764,0.6010790726430694,0.9095957948434367,0.7227973716487737,0.718344254074962,0.6083141831529012,0.6659560700913928,0.721517445665871,0.7605258477871177,0.7941023936099235
2006-04,45.1,12.69333333333333,41.22363223890343,0.9002095039192635,0.8631066300564889,0.6683205245324342,1.118327192766944,0.7254772158583654,0.7572918059891764,0.6010790726430694,0.9057103829616427,0.7227973716487737,0.718344254074962,0.6083141831529012,0.865808474992751,0.721517445665871,0.7605258477871177,0.7941023936099235,0.6926091126697167
2006-05,59.5,16.94596774193549,61.28686614613675,0.8631066300564889,0.6683205245324342,1.118327192766944,1.104941883015464,0.7572918059891764,0.6010790726430694,0.9057103829616427,1.012174524952062,0.718344254074962,0.6083141831529012,0.865808474992751,0.9468915941429237,0.7605258477871177,0.7941023936099235,0.6926091126697167,0.8539393334659189
2006-06,36.6,19.77,76.22714999511675,0.6683205245324342,1.118327192766944,1.104941883015464,0.8352422055107663,0.6010790726430694,0.9057103829616427,1.012174524952062,0.9936212078364598,0.6083141831529012,0.865808474992751,0.9468915941429237,0.9388560262023182,0.7941023936099235,0.6926091126697167,0.8539393334659189,0.8406887444978631
2006-07,236.8,21.10161290322581,83.444072747056,1.118327192766944,1.104941883015464,0.8352422055107663,0.732520453752369,0.9057103829616427,1.012174524952062,0.9936212078364598,0.9680101877509476,0.865808474992751,0.9468915941429237,0.9388560262023182,0.9274366171763553,0.6926091126697167,0.8539393334659189,0.8406887444978631,0.8453196021616638
2006-08,218.4,20.36693548387097,79.47035818049568,1.104941883015464,0.8352422055107663,0.732520453752369,0.8862344138995905,1.012174524952062,0.9936212078364598,0.9680101877509476,0.9728238874653204,0.9468915941429237,0.9388560262023182,0.9274366171763553,0.9382295919499867,0.8539393334659189,0.8406887444978631,0.8453196021616638,0.8613384580096484
2006-09,57.9,18.35,68.84319044256286,0.8352422055107663,0.732520453752369,0.8862344138995905,0.8844434627349412,0.9936212078364598,0.9680101877509476,0.9728238874653204,0.9998070638965234,0.9388560262023182,0.9274366171763553,0.9382295919499867,0.9293608811421172,0.8406887444978631,0.8453196021616638,0.8613384580096484,0.8582890874986219
2006-10,10.0,13.48225806451613,44.81361227776819,0.732520453752369,0.8862344138995905,0.8844434627349412,0.8664792307249112,0.9680101877509476,0.9728238874653204,0.9998070638965234,0.8863094393658609,0.9274366171763553,0.9382295919499867,0.9293608811421172,0.9240562953289414,0.8453196021616638,0.8613384580096484,0.8582890874986219,0.8621664372653679
2006-11,23.2,9.271666666666667,26.39201345097962,0.8862344138995905,0.8844434627349412,0.8664792307249112,0.9712929924039955,0.9728238874653204,0.9998070638965234,0.8863094393658609,0.7386438251627951,0.9382295919499867,0.9293608811421172,0.9240562953289414,0.9433964988522444,0.8613384580096484,0.8582890874986219,0.8621664372653679,0.9000662326914621
2006-12,13.5,7.054838709677419,17.78404996086661,0.8844434627349412,0.8664792307249112,0.9712929924039955,1.06474627411067,0.9998070638965234,0.8863094393658609,0.7386438251627951,0.9011773521305548,0.9293608811421172,0.9240562953289414,0.9433964988522444,0.9944240970023174,0.8582890874986219,0.8621664372653679,0.9000662326914621,0.9388724271615231
2007-01,1.4,5.406451612903226,12.17498220938531,0.8664792307249112,0.9712929924039955,1.06474627411067,0.7849470928159942,0.8863094393658609,0.7386438251627951,0.9011773521305548,0.9103262920053476,0.9240562953289414,0.9433964988522444,0.9944240970023174,0.9297574860144326,0.8621664372653679,0.9000662326914621,0.9388724271615231,0.9237991928499557
2007-02,44.7,6.398214285714286,15.92873566236042,0.9712929924039955,1.06474627411067,0.7849470928159942,0.8266661405455915,0.7386438251627951,0.9011773521305548,0.9103262920053476,0.8935271790141676,0.9433964988522444,0.9944240970023174,0.9297574860144326,0.8392319343249353,0.9000662326914621,0.9388724271615231,0.9237991928499557,0.9187297695512147
2007-03,119.6,9.417741935483871,27.36038192562548,1.06474627411067,0.7849470928159942,0.8266661405455915,0.8772310343193005,0.9011773521305548,0.9103262920053476,0.8935271790141676,0.8911241600078773,0.9944240970023174,0.9297574860144326,0.8392319343249353,0.8489498482959232,0.9388724271615231,0.9237991928499557,0.9187297695512147,0.9392765627557368
2007-04,23.4,14.40666666666667,48.91149671153249,0.7849470928159942,0.8266661405455915,0.8772310343193005,1.091954686278735,0.9103262920053476,0.8935271790141676,0.8911241600078773,0.9875853349453829,0.9297574860144326,0.8392319343249353,0.8489498482959232,0.9384367233903488,0.9237991928499557,0.9187297695512147,0.9392765627557368,0.9271316158845149
2007-05,48.0,16.6241935483871,59.88676890781063,0.8266661405455915,0.8772310343193005,1.091954686278735,1.010116026090176,0.8935271790141676,0.8911241600078773,0.9875853349453829,0.9999781479019338,0.8392319343249353,0.8489498482959232,0.9384367233903488,0.9617177718889938,0.9187297695512147,0.9392765627557368,0.9271316158845149,0.8863885398428519
2007-06,83.1,20.36833333333333,79.45657957145124,0.8772310343193005,1.091954686278735,1.010116026090176,1.012447619251979,0.8911241600078773,0.9875853349453829,0.9999781479019338,0.9782388256754668,0.8489498482959232,0.9384367233903488,0.9617177718889938,0.9826756601054293,0.9392765627557368,0.9271316158845149,0.8863885398428519,0.9268343057593994
2007-07,206.3,20.33387096774194,79.51690986491018,1.091954686278735,1.010116026090176,1.012447619251979,0.7635150335236878,0.9875853349453829,0.9999781479019338,0.9782388256754668,0.9755591451427457,0.9384367233903488,0.9617177718889938,0.9826756601054293,0.9741541643067212,0.9271316158845149,0.8863885398428519,0.9268343057593994,0.9294610812283648
2007-08,144.8,20.2758064516129,79.30514598975907,1.010116026090176,1.012447619251979,0.7635150335236878,0.804195636973323,0.9999781479019338,0.9782388256754668,0.9755591451427457,0.9720928694539389,0.9617177718889938,0.9826756601054293,0.9741541643067212,0.9522910195191513,0.8863885398428519,0.9268343057593994,0.9294610812283648,0.9181508353368026
2007-09,136.6,19.24833333333333,73.63928759860782,1.012447619251979,0.7635150335236878,0.804195636973323,0.8603273694144425,0.9782388256754668,0.9755591451427457,0.9720928694539389,0.9686719963756909,0.9826756601054293,0.9741541643067212,0.9522910195191513,0.9037848505163778,0.9268343057593994,0.9294610812283648,0.9181508353368026,0.9142095023326087
2007-10,19.5,14.1258064516129,47.63136587268397,0.7635150335236878,0.804195636973323,0.8603273694144425,0.918725219838191,0.9755591451427457,0.9720928694539389,0.9686719963756909,0.8783013600577536,0.9741541643067212,0.9522910195191513,0.9037848505163778,0.9237441886344627,0.9294610812283648,0.9181508353368026,0.9142095023326087,0.9234783789009013
2007-11,0.4,9.131666666666666,25.84745878538934,0.804195636973323,0.8603273694144425,0.918725219838191,0.8288693145881989,0.9720928694539389,0.9686719963756909,0.8783013600577536,0.770365445923288,0.9522910195191513,0.9037848505163778,0.9237441886344627,0.9240149243378644,0.9181508353368026,0.9142095023326087,0.9234783789009013,0.8952542148700829
2007-12,4.0,6.500806451612903,16.12407656342527,0.8603273694144425,0.918725219838191,0.8288693145881989,0.8954699642976836,0.9686719963756909,0.8783013600577536,0.770365445923288,0.6033663136731126,0.9037848505163778,0.9237441886344627,0.9240149243378644,0.9269450529822939,0.9142095023326087,0.9234783789009013,0.8952542148700829,0.8290181807002673
2008-01,24.7,6.71304347826087,16.52233899466752,0.918725219838191,0.8288693145881989,0.8954699642976836,0.8619798536921118,0.8783013600577536,0.770365445923288,0.6033663136731126,0.6931197707440142,0.9237441886344627,0.9240149243378644,0.9269450529822939,0.8518883415251903,0.9234783789009013,0.8952542148700829,0.8290181807002673,0.8452819603931432
2008-02,2.2,8.425,22.45985538182998,0.8288693145881989,0.8954699642976836,0.8619798536921118,0.9423852860279475,0.770365445923288,0.6033663136731126,0.6931197707440142,0.7943302148966875,0.9240149243378644,0.9269450529822939,0.8518883415251903,0.8227156618644043,0.8952542148700829,0.8290181807002673,0.8452819603931432,0.8739444983273364
2008-03,32.09999999999999,10.13695652173913,29.09663370531736,0.8954699642976836,0.8619798536921118,0.9423852860279475,1.093498742335472,0.6033663136731126,0.6931197707440142,0.7943302148966875,0.9403541304221089,0.9269450529822939,0.8518883415251903,0.8227156618644043,0.8708004725316217,0.8290181807002673,0.8452819603931432,0.8739444983273364,0.9409759665621469
2008-04,36.7,13.34333333333333,43.35422282961363,0.8619798536921118,0.9423852860279475,1.093498742335472,1.057673228691016,0.6931197707440142,0.7943302148966875,0.9403541304221089,0.9923883860499662,0.8518883415251903,0.8227156618644043,0.8708004725316217,0.936636934145265,0.8452819603931432,0.8739444983273364,0.9409759665621469,0.9275045905587839
2008-05,82.0,15.85483870967742,55.6062567671453,0.9423852860279475,1.093498742335472,1.057673228691016,1.136943285260472,0.7943302148966875,0.9403541304221089,0.9923883860499662,1.074522994212584,0.8227156618644043,0.8708004725316217,0.936636934145265,1.003841902268578,0.8739444983273364,0.9409759665621469,0.9275045905587839,0.9729444623819731
2008-06,201.8,19.88833333333333,76.73653293788941,1.093498742335472,1.057673228691016,1.136943285260472,1.033490586317267,0.9403541304221089,0.9923883860499662,1.074522994212584,1.097592197332,0.8708004725316217,0.936636934145265,1.003841902268578,1.025578459748571,0.9409759665621469,0.9275045905587839,0.9729444623819731,0.977885041516642
2008-07,178.2,20.41129032258064,79.65209159211297,1.057673228691016,1.136943285260472,1.033490586317267,0.7595934678394431,0.9923883860499662,1.074522994212584,1.097592197332,1.089812351670138,0.936636934145265,1.003841902268578,1.025578459748571,1.014099779465255,0.9275045905587839,0.9729444623819731,0.977885041516642,0.9776254107587261
2008-08,250.8,20.10483870967742,78.09632430021107,1.136943285260472,1.033490586317267,0.7595934678394431,0.7830839644450446,1.074522994212584,1.097592197332,1.089812351670138,1.072937842975036,1.003841902268578,1.025578459748571,1.014099779465255,1.011205998318033,0.9729444623819731,0.977885041516642,0.9776254107587261,0.9759923622008638
2008-09,141.4,17.82166666666667,66.36624614389103,1.033490586317267,0.7595934678394431,0.7830839644450446,0.8276198988550169,1.097592197332,1.089812351670138,1.072937842975036,1.014253264908958,1.025578459748571,1.014099779465255,1.011205998318033,1.005462162510232,0.977885041516642,0.9776254107587261,0.9759923622008638,0.9727360679505257
2008-10,15.1,13.46774193548387,45.15953151432304,0.7595934678394431,0.7830839644450446,0.8276198988550169,0.8387755527791774,1.089812351670138,1.072937842975036,1.014253264908958,0.9511200811054504,1.014099779465255,1.011205998318033,1.005462162510232,1.003560324052083,0.9776254107587261,0.9759923622008638,0.9727360679505257,0.9629053841472557
2008-11,0.0,9.99,29.71599113919703,0.7830839644450446,0.8276198988550169,0.8387755527791774,0.9392013376759217,1.072937842975036,1.014253264908958,0.9511200811054504,0.7901533760420422,1.011205998318033,1.005462162510232,1.003560324052083,1.003155268162519,0.9759923622008638,0.9727360679505257,0.9629053841472557,0.9767233453036349
2008-12,1.7,7.992741935483871,21.58595559778566,0.8276198988550169,0.8387755527791774,0.9392013376759217,0.8397700801057203,1.014253264908958,0.9511200811054504,0.7901533760420422,0.4629467662246932,1.005462162510232,1.003560324052083,1.003155268162519,0.9580829347616967,0.9727360679505257,0.9629053841472557,0.9767233453036349,0.9704782827821978
2009-01,1.3,7.316935483870968,18.77935811206662,0.8387755527791774,0.9392013376759217,0.8397700801057203,0.7782623641724901,0.9511200811054504,0.7901533760420422,0.4629467662246932,0.4963446539419811,1.003560324052083,1.003155268162519,0.9580829347616967,0.9037843293108304,0.9629053841472557,0.9767233453036349,0.9704782827821978,0.9626124087159338
2009-02,34.6,7.664285714285714,20.17455744576673,0.9392013376759217,0.8397700801057203,0.7782623641724901,0.9077171352929773,0.7901533760420422,0.4629467662246932,0.4963446539419811,0.6760090552253604,1.003155268162519,0.9580829347616967,0.9037843293108304,0.7800997381928733,0.9767233453036349,0.9704782827821978,0.9626124087159338,0.9570460922852623
2009-03,15.9,10.34838709677419,30.69180399304634,0.8397700801057203,0.7782623641724901,0.9077171352929773,-0.1010290692946839,0.4629467662246932,0.4963446539419811,0.6760090552253604,0.0822058053172614,0.9580829347616967,0.9037843293108304,0.7800997381928733,-3.751078989344316,0.9704782827821978,0.9626124087159338,0.9570460922852623,0.8510891649060822
2009-04,20.7,14.20833333333333,47.67796213628789,0.7782623641724901,0.9077171352929773,-0.1010290692946839,1.036328528171,0.4963446539419811,0.6760090552253604,0.0822058053172614,0.762053093198229,0.9037843293108304,0.7800997381928733,-3.751078989344316,0.7270930471218968,0.9626124087159338,0.9570460922852623,0.8510891649060822,0.8384698407316326
2009-05,70.30000000000001,16.26451612903226,57.61887639186364,0.9077171352929773,-0.1010290692946839,1.036328528171,0.8546610749787158,0.6760090552253604,0.0822058053172614,0.762053093198229,0.6852880875163458,0.7800997381928733,-3.751078989344316,0.7270930471218968,0.7533196685454641,0.9570460922852623,0.8510891649060822,0.8384698407316326,0.4975050317548759
2009-06,12.1,20.05166666666667,77.46151906786129,-0.1010290692946839,1.036328528171,0.8546610749787158,0.9849561774163516,0.0822058053172614,0.762053093198229,0.6852880875163458,0.8101713314598663,-3.751078989344316,0.7270930471218968,0.7533196685454641,0.8201095302474034,0.8510891649060822,0.8384698407316326,0.4975050317548759,-3.801123487012672
2009-07,168.2,21.26451612903226,84.08060216476589,1.036328528171,0.8546610749787158,0.9849561774163516,1.094294619463334,0.762053093198229,0.6852880875163458,0.8101713314598663,0.9625060946087733,0.7270930471218968,0.7533196685454641,0.8201095302474034,0.9123667618939798,0.8384698407316326,0.4975050317548759,-3.801123487012672,0.788259153618185
2009-08,82.0,20.78225806451613,81.32902761192551,0.8546610749787158,0.9849561774163516,1.094294619463334,0.8642806136500394,0.6852880875163458,0.8101713314598663,0.9625060946087733,0.9522135897326864,0.7533196685454641,0.8201095302474034,0.9123667618939798,0.8975570037772715,0.4975050317548759,-3.801123487012672,0.788259153618185,0.809853755574671
2009-09,112.7,17.96666666666667,66.09912489665562,0.9849561774163516,1.094294619463334,0.8642806136500394,0.8510651828243759,0.8101713314598663,0.9625060946087733,0.9522135897326864,0.9921051064775267,0.8201095302474034,0.9123667618939798,0.8975570037772715,0.8993265683371698,-3.801123487012672,0.788259153618185,0.809853755574671,0.8159980708755985
2009-10,163.4,13.01209677419355,41.83423461362531,1.094294619463334,0.8642806136500394,0.8510651828243759,0.8788756784000682,0.9625060946087733,0.9522135897326864,0.9921051064775267,0.9411104587401933,0.9123667618939798,0.8975570037772715,0.8993265683371698,0.9133148732840879,0.788259153618185,0.809853755574671,0.8159980708755985,0.8269536586585295
2009-11,14.1,8.758333333333333,24.03736905026922,0.8642806136500394,0.8510651828243759,0.8788756784000682,1.014140208432956,0.9522135897326864,0.9921051064775267,0.9411104587401933,0.9878715416771402,0.8975570037772715,0.8993265683371698,0.9133148732840879,0.9380331294416727,0.809853755574671,0.8159980708755985,0.8269536586585295,0.8587698635754029
2009-12,1.0,6.462903225806452,15.841179646943,0.8510651828243759,0.8788756784000682,1.014140208432956,0.7893589234995504,0.9921051064775267,0.9411104587401933,0.9878715416771402,0.9416817228444742,0.8993265683371698,0.9133148732840879,0.9380331294416727,0.9573316476188555,0.8159980708755985,0.8269536586585295,0.8587698635754029,0.8495915186046341
2010-01,7.8,6.153225806451613,14.75979692795547,0.8788756784000682,1.014140208432956,0.7893589234995504,0.8209647886924318,0.9411104587401933,0.9878715416771402,0.9416817228444742,0.7765313087776751,0.9133148732840879,0.9380331294416727,0.9573316476188555,0.9160678509903898,0.8269536586585295,0.8587698635754029,0.8495915186046341,0.8568774377826324
2010-02,68.3,6.441071428571428,15.90601999217752,1.014140208432956,0.7893589234995504,0.8209647886924318,0.9829514796130571,0.9878715416771402,0.9416817228444742,0.7765313087776751,0.8519088408739127,0.9380331294416727,0.9573316476188555,0.9160678509903898,0.940122099042583,0.8587698635754029,0.8495915186046341,0.8568774377826324,0.8803447220367997
2010-03,12.9,12.13387096774193,38.12858401910839,0.7893589234995504,0.8209647886924318,0.9829514796130571,0.7657509345339185,0.9416817228444742,0.7765313087776751,0.8519088408739127,0.8244679899942101,0.9573316476188555,0.9160678509903898,0.940122099042583,0.9044608172632668,0.8495915186046341,0.8568774377826324,0.8803447220367997,0.9053438617477974
2010-04,34.6,15.06666666666667,51.55086431635833,0.8209647886924318,0.9829514796130571,0.7657509345339185,1.072225108597326,0.7765313087776751,0.8519088408739127,0.8244679899942101,0.9358212576545443,0.9160678509903898,0.940122099042583,0.9044608172632668,0.8934785651988529,0.8568774377826324,0.8803447220367997,0.9053438617477974,0.9198933336693272
2010-05,104.0,16.37741935483871,58.0357284903804,0.9829514796130571,0.7657509345339185,1.072225108597326,1.108699317120675,0.8519088408739127,0.8244679899942101,0.9358212576545443,0.9875291812121512,0.940122099042583,0.9044608172632668,0.8934785651988529,0.9601982603438703,0.8803447220367997,0.9053438617477974,0.9198933336693272,0.9804402093570272
2010-06,50.7,19.68333333333333,75.45928555402858,0.7657509345339185,1.072225108597326,1.108699317120675,0.9470604528222804,0.8244679899942101,0.9358212576545443,0.9875291812121512,1.014832791479957,0.9044608172632668,0.8934785651988529,0.9601982603438703,0.9729462551262352,0.9053438617477974,0.9198933336693272,0.9804402093570272,0.9737772875045863
2010-07,189.4,20.43064516129032,79.80112568354093,1.072225108597326,1.108699317120675,0.9470604528222804,0.6735681441168136,0.9358212576545443,0.9875291812121512,1.014832791479957,1.000951757594861,0.8934785651988529,0.9601982603438703,0.9729462551262352,0.9570496848926425,0.9198933336693272,0.9804402093570272,0.9737772875045863,0.8981297075249411
2010-08,222.1,20.38709677419355,79.7332665381606,1.108699317120675,0.9470604528222804,0.6735681441168136,0.7818180371578755,0.9875291812121512,1.014832791479957,1.000951757594861,0.9581793371486377,0.9601982603438703,0.9729462551262352,0.9570496848926425,0.9186397939198006,0.9804402093570272,0.9737772875045863,0.8981297075249411,0.8856679355821425
2010-09,98.6,18.73,70.70310195637623,0.9470604528222804,0.6735681441168136,0.7818180371578755,0.8723315557764499,1.014832791479957,1.000951757594861,0.9581793371486377,0.9757455083812299,0.9729462551262352,0.9570496848926425,0.9186397939198006,0.9290542190938377,0.9737772875045863,0.8981297075249411,0.8856679355821425,0.8896042838683779
2010-10,4.8,14.06451612903226,47.03550301264235,0.6735681441168136,0.7818180371578755,0.8723315557764499,0.9357874294433675,1.000951757594861,0.9581793371486377,0.9757455083812299,0.9133681882656373,0.9570496848926425,0.9186397939198006,0.9290542190938377,0.9457318772232207,0.8981297075249411,0.8856679355821425,0.8896042838683779,0.902091424330526
2010-11,0.0,10.17416666666667,29.49905116226645,0.7818180371578755,0.8723315557764499,0.9357874294433675,1.049669509866515,0.9581793371486377,0.9757455083812299,0.9133681882656373,0.8597872588485276,0.9186397939198006,0.9290542190938377,0.9457318772232207,0.9626038365458737,0.8856679355821425,0.8896042838683779,0.902091424330526,0.9152919000398629
2010-12,2.1,5.225806451612903,11.54571442976866,0.8723315557764499,0.9357874294433675,1.049669509866515,0.9113389972927137,0.9757455083812299,0.9133681882656373,0.8597872588485276,0.8408021868274912,0.9290542190938377,0.9457318772232207,0.9626038365458737,0.9769709961125658,0.8896042838683779,0.902091424330526,0.9152919000398629,0.9326382516421152
2011-01,21.1,3.798387096774194,7.421817675672244,0.9357874294433675,1.049669509866515,0.9113389972927137,0.921534078857676,0.9133681882656373,0.8597872588485276,0.8408021868274912,0.9061029350521446,0.9457318772232207,0.9626038365458737,0.9769709961125658,0.9429992251342515,0.902091424330526,0.9152919000398629,0.9326382516421152,0.9468964671552601
2011-02,91.3,5.807142857142857,13.5723477208608,1.049669509866515,0.9113389972927137,0.921534078857676,0.876138060179888,0.8597872588485276,0.8408021868274912,0.9061029350521446,0.9276839591297673,0.9626038365458737,0.9769709961125658,0.9429992251342515,0.8690692368663789,0.9152919000398629,0.9326382516421152,0.9468964671552601,0.926459534059947
2011-03,38.8,10.05806451612903,29.81578502932792,0.9113389972927137,0.921534078857676,0.876138060179888,0.9243355669952326,0.8408021868274912,0.9061029350521446,0.9276839591297673,0.9425250618072347,0.9769709961125658,0.9429992251342515,0.8690692368663789,0.8623461089469819,0.9326382516421152,0.9468964671552601,0.926459534059947,0.9469823705031193
2011-04,52.8,12.28166666666667,40.07648127668163,0.921534078857676,0.876138060179888,0.9243355669952326,1.090702634733404,0.9061029350521446,0.9276839591297673,0.9425250618072347,1.005547177586336,0.9429992251342515,0.8690692368663789,0.8623461089469819,0.9492572200255979,0.9468964671552601,0.926459534059947,0.9469823705031193,0.9537696380328488
2011-05,60.2,16.10161290322581,58.16458500154817,0.876138060179888,0.9243355669952326,1.090702634733404,1.144366955288509,0.9276839591297673,0.9425250618072347,1.005547177586336,1.048179049905696,0.8690692368663789,0.8623461089469819,0.9492572200255979,1.015879162074355,0.926459534059947,0.9469823705031193,0.9537696380328488,0.9691370576519391
2011-06,93.5,19.17833333333333,74.0373786591957,0.9243355669952326,1.090702634733404,1.144366955288509,0.9790041354262085,0.9425250618072347,1.005547177586336,1.048179049905696,1.060404622409221,0.8623461089469819,0.9492572200255979,1.015879162074355,1.027228454211149,0.9469823705031193,0.9537696380328488,0.9691370576519391,0.9748503160419199
2011-07,205.2,20.17419354838709,79.45266341229545,1.090702634733404,1.144366955288509,0.9790041354262085,0.6485434640766367,1.005547177586336,1.048179049905696,1.060404622409221,1.034842230303465,0.9492572200255979,1.015879162074355,1.027228454211149,1.009542622878162,0.9537696380328488,0.9691370576519391,0.9748503160419199,0.9737817449524311
2011-08,260.4,20.08870967741936,79.14631300284229,1.144366955288509,0.9790041354262085,0.6485434640766367,0.7730684992773044,1.048179049905696,1.060404622409221,1.034842230303465,1.022623497817059,1.015879162074355,1.027228454211149,1.009542622878162,0.9741306721698632,0.9691370576519391,0.9748503160419199,0.9737817449524311,0.9731410942512777
2011-09,119.1,19.285,74.84153393954688,0.9790041354262085,0.6485434640766367,0.7730684992773044,0.8470898563054358,1.060404622409221,1.034842230303465,1.022623497817059,1.009517397325633,1.027228454211149,1.009542622878162,0.9741306721698632,0.9665928523572216,0.9748503160419199,0.9737817449524311,0.9731410942512777,0.9703904396970895
2011-10,2.3,13.76290322580645,47.43065994816143,0.6485434640766367,0.7730684992773044,0.8470898563054358,0.9234544545361946,1.034842230303465,1.022623497817059,1.009517397325633,0.9443590449220138,1.009542622878162,0.9741306721698632,0.9665928523572216,0.9668754224420888,0.9737817449524311,0.9731410942512777,0.9703904396970895,0.9684858987219794
2011-11,0.0,10.12666666666667,31.3186226256013,0.7730684992773044,0.8470898563054358,0.9234544545361946,0.9490551050547167,1.022623497817059,1.009517397325633,0.9443590449220138,0.7643061557967585,0.9741306721698632,0.9665928523572216,0.9668754224420888,0.976829545777074,0.9731410942512777,0.9703904396970895,0.9684858987219794,0.9446079288870293
2011-12,0.0,6.180645161290323,15.92886778886691,0.8470898563054358,0.9234544545361946,0.9490551050547167,0.8663884078897038,1.009517397325633,0.9443590449220138,0.7643061557967585,0.6330277183725694,0.9665928523572216,0.9668754224420888,0.976829545777074,0.9696239505983517,0.9703904396970895,0.9684858987219794,0.9446079288870293,0.9377909636366989
2012-01,48.5,5.400136239782016,12.95547679013641,0.9234544545361946,0.9490551050547167,0.8663884078897038,0.9480275461967309,0.9443590449220138,0.7643061557967585,0.6330277183725694,0.8123376607504147,0.9668754224420888,0.976829545777074,0.9696239505983517,0.9315953793917263,0.9684858987219794,0.9446079288870293,0.9377909636366989,0.9428222921691851
2012-02,57.1,5.494141689373296,13.30819935056785,0.9490551050547167,0.8663884078897038,0.9480275461967309,0.8828882116422263,0.7643061557967585,0.6330277183725694,0.8123376607504147,0.852462428575679,0.976829545777074,0.9696239505983517,0.9315953793917263,0.8195870321136702,0.9446079288870293,0.9377909636366989,0.9428222921691851,0.943786762038156
2012-03,29.8,5.588147138964578,14.20814041025566,0.8663884078897038,0.9480275461967309,0.8828882116422263,0.898517416042903,0.6330277183725694,0.8123376607504147,0.852462428575679,0.8720086377385114,0.9696239505983517,0.9315953793917263,0.8195870321136702,0.7835758820508264,0.9377909636366989,0.9428222921691851,0.943786762038156,0.9394411419143744
2012-04,59.1,5.683719346049046,15.51149812865269,0.9480275461967309,0.8828882116422263,0.898517416042903,1.045234771781771,0.8123376607504147,0.852462428575679,0.8720086377385114,0.9354040207690489,0.9315953793917263,0.8195870321136702,0.7835758820508264,0.8887640314432734,0.9428222921691851,0.943786762038156,0.9394411419143744,0.9217698138010345
2012-05,36.1,5.779291553133515,17.67295565255933,0.8828882116422263,0.898517416042903,1.045234771781771,1.187706632726258,0.852462428575679,0.8720086377385114,0.9354040207690489,1.05207767480162,0.8195870321136702,0.7835758820508264,0.8887640314432734,0.9981795887822588,0.943786762038156,0.9394411419143744,0.9217698138010345,0.9486670452432011
2012-06,40.5,5.874863760217983,20.85585509364063,0.898517416042903,1.045234771781771,1.187706632726258,1.054196730003612,0.8720086377385114,0.9354040207690489,1.05207767480162,1.086549608492831,0.7835758820508264,0.8887640314432734,0.9981795887822588,1.025492756383426,0.9394411419143744,0.9217698138010345,0.9486670452432011,0.967806711032239
2012-07,117.8,5.970435967302453,24.80298279278808,1.045234771781771,1.187706632726258,1.054196730003612,0.7084040956120458,0.9354040207690489,1.05207767480162,1.086549608492831,1.063487755127772,0.8887640314432734,0.9981795887822588,1.025492756383426,1.011174079938792,0.9217698138010345,0.9486670452432011,0.967806711032239,0.9706700717135918
2012-08,268.5,6.067574931880109,29.36863409684517,1.187706632726258,1.054196730003612,0.7084040956120458,0.7301189380171227,1.05207767480162,1.086549608492831,1.063487755127772,1.049147865198249,0.9981795887822588,1.025492756383426,1.011174079938792,0.9930539416721647,0.9486670452432011,0.967806711032239,0.9706700717135918,0.9678012240990908
2012-09,124.0,6.163147138964577,34.44940971890105,1.054196730003612,0.7084040956120458,0.7301189380171227,0.7112447584904354,1.086549608492831,1.063487755127772,1.049147865198249,1.029686318166442,1.025492756383426,1.011174079938792,0.9930539416721647,0.9822079615873971,0.967806711032239,0.9706700717135918,0.9678012240990908,0.9568665092687868
2012-10,0.0,6.258719346049046,37.76448483238623,0.7084040956120458,0.7301189380171227,0.7112447584904354,1.06870710452159,1.063487755127772,1.049147865198249,1.029686318166442,1.037932190932064,1.011174079938792,0.9930539416721647,0.9822079615873971,1.005253426783238,0.9706700717135918,0.9678012240990908,0.9568665092687868,0.9879277579493609
2012-11,2.3,6.354291553133516,39.72188221408438,0.7301189380171227,0.7112447584904354,1.06870710452159,1.077948825082968,1.049147865198249,1.029686318166442,1.037932190932064,0.9704033223889135,0.9930539416721647,0.9822079615873971,1.005253426783238,1.033462710657666,0.9678012240990908,0.9568665092687868,0.9879277579493609,1.013007205827575
2012-12,1.5,6.449863760217984,40.12704899210254,0.7112447584904354,1.06870710452159,1.077948825082968,0.8374912060003047,1.029686318166442,1.037932190932064,0.9704033223889135,0.8867794758869473,0.9822079615873971,1.005253426783238,1.033462710657666,1.028868149490274,0.9568665092687868,0.9879277579493609,1.013007205827575,1.010647126836241
2013-01,100.3,4.293548387096774,29.50554496256724,1.06870710452159,1.077948825082968,0.8374912060003047,0.8414348232932527,1.037932190932064,0.9704033223889135,0.8867794758869473,0.9129897976157422,1.005253426783238,1.033462710657666,1.028868149490274,1.003692008499653,0.9879277579493609,1.013007205827575,1.010647126836241,0.9993902557575564
2013-02,112.2,5.867857142857143,37.19024275648636,1.077948825082968,0.8374912060003047,0.8414348232932527,0.6981266498080738,0.9704033223889135,0.8867794758869473,0.9129897976157422,0.9085780499755438,1.033462710657666,1.028868149490274,1.003692008499653,0.8924175534598849,1.013007205827575,1.010647126836241,0.9993902557575564,0.9862415801097354
2013-03,18.3,11.11612903225807,58.04850824069826,0.8374912060003047,0.8414348232932527,0.6981266498080738,1.07783481994035,0.8867794758869473,0.9129897976157422,0.9085780499755438,1.009326518107869,1.028868149490274,1.003692008499653,0.8924175534598849,0.9032827816745622,1.010647126836241,0.9993902557575564,0.9862415801097354,1.017273958745079
2013-04,28.7,13.16166666666667,63.87034431017758,0.8414348232932527,0.6981266498080738,1.07783481994035,1.095277137605466,0.9129897976157422,0.9085780499755438,1.009326518107869,1.021109546134916,1.003692008499653,0.8924175534598849,0.9032827816745622,0.9740563422670528,0.9993902557575564,0.9862415801097354,1.017273958745079,1.028328598026038
2013-05,26.3,17.20806451612903,77.14269976099929,0.6981266498080738,1.07783481994035,1.095277137605466,1.04568988676681,0.9085780499755438,1.009326518107869,1.021109546134916,1.008129898096325,0.8924175534598849,0.9032827816745622,0.9740563422670528,1.01080556930849,0.9862415801097354,1.017273958745079,1.028328598026038,0.9834724630405963
2013-06,189.8,20.31166666666667,87.52432211405882,1.07783481994035,1.095277137605466,1.04568988676681,0.8676673220072949,1.009326518107869,1.021109546134916,1.008129898096325,1.012627746206866,0.9032827816745622,0.9740563422670528,1.01080556930849,1.019988650983868,1.017273958745079,1.028328598026038,0.9834724630405963,0.9479861083231408
2013-07,209.9,20.54516129032258,86.3777988402876,1.095277137605466,1.04568988676681,0.8676673220072949,0.8560054129944914,1.021109546134916,1.008129898096325,1.012627746206866,1.014718677778588,0.9740563422670528,1.01080556930849,1.019988650983868,0.9887659702822833,1.028328598026038,0.9834724630405963,0.9479861083231408,0.9606912411739242
2013-08,176.9,21.65909090909091,89.62899580044285,1.04568988676681,0.8676673220072949,0.8560054129944914,0.8406732431837826,1.008129898096325,1.012627746206866,1.014718677778588,1.028446435580666,1.01080556930849,1.019988650983868,0.9887659702822833,0.9447003539536026,0.9834724630405963,0.9479861083231408,0.9606912411739242,0.9696398251528471
2013-09,72.7,19.34727272727273,75.49312051850754,0.8676673220072949,0.8560054129944914,0.8406732431837826,0.828640099052932,1.012627746206866,1.014718677778588,1.028446435580666,0.9582537335329384,1.019988650983868,0.9887659702822833,0.9447003539536026,0.9437193006951694,0.9479861083231408,0.9606912411739242,0.9696398251528471,0.9780283576172191
2013-10,45.8,15.14516129032258,52.4517918365477,0.8560054129944914,0.8406732431837826,0.828640099052932,0.8870429650439468,1.014718677778588,1.028446435580666,0.9582537335329384,0.8419150592062888,0.9887659702822833,0.9447003539536026,0.9437193006951694,0.9495007621910446,0.9606912411739242,0.9696398251528471,0.9780283576172191,0.9388194209882048
2013-11,8.4,9.151666666666667,25.36117124379601,0.8406732431837826,0.828640099052932,0.8870429650439468,0.8754770294903375,1.028446435580666,0.9582537335329384,0.8419150592062888,0.6645075814673019,0.9447003539536026,0.9437193006951694,0.9495007621910446,0.9645275994421572,0.9696398251528471,0.9780283576172191,0.9388194209882048,0.8795769034386511
2013-12,1.0,8.016404199475067,20.7927666934864,0.828640099052932,0.8870429650439468,0.8754770294903375,0.9309034944791209,0.9582537335329384,0.8419150592062888,0.6645075814673019,0.7311422151227016,0.9437193006951694,0.9495007621910446,0.9645275994421572,0.9269753520720244,0.9780283576172191,0.9388194209882048,0.8795769034386511,0.8987871599106597
2014-01,42.0,7.951312335958005,19.84489513999475,0.8870429650439468,0.8754770294903375,0.9309034944791209,0.8009838812281599,0.8419150592062888,0.6645075814673019,0.7311422151227016,0.6926279017453655,0.9495007621910446,0.9645275994421572,0.9269753520720244,0.8369423353995974,0.9388194209882048,0.8795769034386511,0.8987871599106597,0.8929000349928462
2014-02,33.2,7.889370078740158,19.35745143445286,0.8754770294903375,0.9309034944791209,0.8009838812281599,0.8960049361050149,0.6645075814673019,0.7311422151227016,0.6926279017453655,0.7384531800730696,0.9645275994421572,0.9269753520720244,0.8369423353995974,0.755384362405649,0.8795769034386511,0.8987871599106597,0.8929000349928462,0.9179993367762512
2014-03,57.6,7.827427821522311,19.68153344948263,0.9309034944791209,0.8009838812281599,0.8960049361050149,0.8391268995536806,0.7311422151227016,0.6926279017453655,0.7384531800730696,0.7448597610720904,0.9269753520720244,0.8369423353995974,0.755384362405649,0.7437926062065671,0.8987871599106597,0.8929000349928462,0.9179993367762512,0.8402164050966321
2014-04,15.9,7.763385826771654,20.40337246006842,0.8009838812281599,0.8960049361050149,0.8391268995536806,1.172480113432647,0.6926279017453655,0.7384531800730696,0.7448597610720904,0.9798036280894545,0.8369423353995974,0.755384362405649,0.7437926062065671,0.9215822766478124,0.8929000349928462,0.9179993367762512,0.8402164050966321,0.9007226368210702
2014-05,43.7,7.699343832020998,22.0704132148938,0.8960049361050149,0.8391268995536806,1.172480113432647,1.049315313419918,0.7384531800730696,0.7448597610720904,0.9798036280894545,1.026793037833421,0.755384362405649,0.7437926062065671,0.9215822766478124,0.9632114550569559,0.9179993367762512,0.8402164050966321,0.9007226368210702,0.9022424830306189
2014-06,24.5,7.635301837270342,24.7222259148966,0.8391268995536806,1.172480113432647,1.049315313419918,1.026034760080311,0.7448597610720904,0.9798036280894545,1.026793037833421,1.049116713658297,0.7437926062065671,0.9215822766478124,0.9632114550569559,0.9920294695297387,0.8402164050966321,0.9007226368210702,0.9022424830306189,0.9390812699154288
2014-07,247.6,7.571259842519686,27.74664186749274,1.172480113432647,1.049315313419918,1.026034760080311,0.9554464714570693,0.9798036280894545,1.026793037833421,1.049116713658297,1.069151137797665,0.9215822766478124,0.9632114550569559,0.9920294695297387,1.00035826898376,0.9007226368210702,0.9022424830306189,0.9390812699154288,0.9549695521480016
2014-08,121.8,7.506167979002625,31.56150891926553,1.049315313419918,1.026034760080311,0.9554464714570693,0.7290797104016566,1.026793037833421,1.049116713658297,1.069151137797665,1.053425985981642,0.9632114550569559,0.9920294695297387,1.00035826898376,0.9899973438661896,0.9022424830306189,0.9390812699154288,0.9549695521480016,0.9450650282683434
2014-09,103.8,7.44212598425197,35.0372326784414,1.026034760080311,0.9554464714570693,0.7290797104016566,0.9039708935646168,1.049116713658297,1.069151137797665,1.053425985981642,1.061498815626797,0.9920294695297387,1.00035826898376,0.9899973438661896,0.986624291744605,0.9390812699154288,0.9549695521480016,0.9450650282683434,0.9548169003556686
2014-10,65.9,7.378083989501313,37.2870988539645,0.9554464714570693,0.7290797104016566,0.9039708935646168,0.9663075616021334,1.069151137797665,1.053425985981642,1.061498815626797,0.9738923601760355,1.00035826898376,0.9899973438661896,0.986624291744605,1.003910028235979,0.9549695521480016,0.9450650282683434,0.9548169003556686,0.9675971610653005
2014-11,0.0,7.314041994750657,37.5827372850622,0.7290797104016566,0.9039708935646168,0.9663075616021334,1.004956235461555,1.053425985981642,1.061498815626797,0.9738923601760355,0.9537778934663089,0.9899973438661896,0.986624291744605,1.003910028235979,1.017914320883649,0.9450650282683434,0.9548169003556686,0.9675971610653005,0.9879055339921298
2014-12,44.1,7.250000000000001,37.56229898516937,0.9039708935646168,0.9663075616021334,1.004956235461555,1.052066214282543,1.061498815626797,0.9738923601760355,0.9537778934663089,0.9665514208758761,0.986624291744605,1.003910028235979,1.017914320883649,1.042334988122258,0.9548169003556686,0.9675971610653005,0.9879055339921298,1.009271466091965
